{"loss": [2.298124074935913, 2.064197063446045, 1.8677012920379639, 1.7395813465118408, 1.5944150686264038, 1.4958313703536987, 1.3863528966903687, 1.3199182748794556, 1.2623980045318604, 1.1951411962509155, 1.1381746530532837, 1.0947881937026978, 1.0489033460617065, 1.0108040571212769, 0.9726936221122742, 0.9400338530540466, 0.886684238910675, 0.8622742891311646, 0.8342227935791016, 0.8099526762962341, 0.7759673595428467, 0.7650331258773804, 0.7448828220367432, 0.7244523167610168, 0.7043192982673645, 0.6681724190711975, 0.6602100729942322, 0.6442635655403137, 0.629302978515625, 0.6259751915931702, 0.6100701093673706, 0.5796324014663696, 0.5842679738998413, 0.5603910684585571, 0.5279524922370911, 0.5383166670799255, 0.514666736125946, 0.5194101333618164, 0.494731605052948, 0.5052467584609985, 0.4649675488471985, 0.4672836661338806, 0.46855345368385315, 0.45321401953697205, 0.42364779114723206, 0.42877140641212463, 0.4310137927532196, 0.43444594740867615, 0.4246984124183655, 0.42496350407600403, 0.3827154040336609, 0.3976714611053467, 0.40126171708106995, 0.3782597780227661, 0.36909326910972595, 0.3569292426109314, 0.36372312903404236, 0.34794116020202637, 0.37433260679244995, 0.3576723039150238, 0.34056025743484497, 0.34581974148750305, 0.3270683288574219, 0.34184712171554565], "accuracy": [0.17866073548793793, 0.27063071727752686, 0.3612114489078522, 0.407057523727417, 0.46346208453178406, 0.5045846104621887, 0.5465406775474548, 0.5701583623886108, 0.6090580821037292, 0.6268407702445984, 0.6524034738540649, 0.6701861619949341, 0.6813003420829773, 0.6835231781005859, 0.7154765129089355, 0.7263128757476807, 0.7438177466392517, 0.7515976428985596, 0.7616004347801208, 0.7760488986968994, 0.7829952836036682, 0.7868852615356445, 0.7893859148025513, 0.7977215647697449, 0.8046679496765137, 0.8235620856285095, 0.8196721076965332, 0.8299527764320374, 0.838288426399231, 0.8371769785881042, 0.8368991613388062, 0.8516254425048828, 0.849680483341217, 0.855793297290802, 0.8646846413612366, 0.8571825623512268, 0.867741048336029, 0.8669074773788452, 0.8766323924064636, 0.8746874332427979, 0.8810780644416809, 0.8830230832099915, 0.8894137144088745, 0.8913587331771851, 0.8988608121871948, 0.893025815486908, 0.8955265283584595, 0.8952486515045166, 0.8938593864440918, 0.8902472853660583, 0.9121978282928467, 0.9046957492828369, 0.9074742794036865, 0.9127535223960876, 0.9152542352676392, 0.916087806224823, 0.9102528691291809, 0.9183106422424316, 0.9127535223960876, 0.9163656830787659, 0.9205334782600403, 0.922200620174408, 0.9291470050811768, 0.916087806224823], "val_loss": [2.0490355491638184, 1.8432586193084717, 1.6636202335357666, 1.5479823350906372, 1.4028041362762451, 1.3310481309890747, 1.2490015029907227, 1.207598090171814, 1.1508530378341675, 1.089790940284729, 1.0758452415466309, 1.015389084815979, 0.9795534014701843, 0.9596534371376038, 0.9271300435066223, 0.896208643913269, 0.8742892742156982, 0.8640525937080383, 0.8092842102050781, 0.839046835899353, 0.8128326535224915, 0.8046260476112366, 0.7853038311004639, 0.7651087641716003, 0.7668138146400452, 0.7472569942474365, 0.734810471534729, 0.7271108031272888, 0.7068125009536743, 0.6973245143890381, 0.7098985910415649, 0.7520265579223633, 0.7032411098480225, 0.6895550489425659, 0.6777535676956177, 0.6946765780448914, 0.6619296073913574, 0.6473792195320129, 0.6624011993408203, 0.6545305252075195, 0.6636826395988464, 0.6226485967636108, 0.6143199801445007, 0.6448182463645935, 0.6463289856910706, 0.6323277354240417, 0.6200308799743652, 0.6244150996208191, 0.6559242606163025, 0.5910293459892273, 0.6000207662582397, 0.6416594386100769, 0.6423535943031311, 0.6602068543434143, 0.592134416103363, 0.6236635446548462, 0.6380012631416321, 0.6340187191963196, 0.5988701581954956, 0.6032100915908813, 0.6053575277328491, 0.5855671763420105, 0.5918545126914978, 0.608031153678894], "val_accuracy": [0.31888890266418457, 0.41111111640930176, 0.4533333480358124, 0.5099999904632568, 0.5711110830307007, 0.5755555629730225, 0.6255555748939514, 0.6399999856948853, 0.6711111068725586, 0.6888889074325562, 0.6866666674613953, 0.7155555486679077, 0.7333333492279053, 0.7244444489479065, 0.7488889098167419, 0.754444420337677, 0.7633333206176758, 0.7755555510520935, 0.7944444417953491, 0.7855555415153503, 0.7922222018241882, 0.7900000214576721, 0.8133333325386047, 0.8077777624130249, 0.7944444417953491, 0.8111110925674438, 0.8144444227218628, 0.8266666531562805, 0.8233333230018616, 0.8333333134651184, 0.8244444727897644, 0.8155555725097656, 0.8222222328186035, 0.8366666436195374, 0.8322222232818604, 0.8299999833106995, 0.8377777934074402, 0.851111114025116, 0.8455555438995361, 0.8544444441795349, 0.847777783870697, 0.8633333444595337, 0.8533333539962769, 0.8422222137451172, 0.8399999737739563, 0.851111114025116, 0.8533333539962769, 0.846666693687439, 0.852222204208374, 0.8722222447395325, 0.8644444346427917, 0.8422222137451172, 0.852222204208374, 0.8533333539962769, 0.8755555748939514, 0.8711110949516296, 0.852222204208374, 0.8600000143051147, 0.8744444251060486, 0.8755555748939514, 0.8744444251060486, 0.8722222447395325, 0.8688889145851135, 0.8622221946716309]}