{"loss": [1.671363115310669, 1.2154829502105713, 0.952113926410675, 0.8004658818244934, 0.6814510822296143, 0.6059614419937134, 0.549767792224884, 0.49947988986968994, 0.4605133831501007, 0.44081011414527893, 0.40010493993759155, 0.381029337644577, 0.37258410453796387, 0.35846570134162903, 0.35294896364212036, 0.3476220369338989, 0.33609676361083984, 0.3360837399959564, 0.3289606273174286, 0.3320155441761017, 0.3200637996196747, 0.3113787770271301, 0.30773720145225525, 0.3111083507537842, 0.3016442656517029, 0.30010631680488586, 0.29962003231048584, 0.2899249494075775, 0.2747144103050232, 0.27762022614479065, 0.2742444574832916, 0.2746616005897522, 0.2642490267753601, 0.2610582411289215, 0.28203076124191284, 0.26766929030418396, 0.24847979843616486, 0.2508453130722046, 0.24397112429141998, 0.2452521175146103, 0.23651564121246338, 0.23337654769420624, 0.2338917851448059, 0.22315950691699982, 0.22039179503917694, 0.2198309600353241, 0.22303548455238342, 0.25082927942276, 0.23406119644641876, 0.24225595593452454, 0.22937451303005219, 0.2249995470046997, 0.22320838272571564, 0.20914232730865479, 0.20945104956626892, 0.1954081654548645, 0.18606474995613098, 0.1946520209312439, 0.1889583021402359, 0.18209075927734375, 0.2563117742538452, 0.2168157994747162, 0.199208602309227, 0.1998293101787567], "accuracy": [0.42595165967941284, 0.6485134959220886, 0.7727146148681641, 0.8399555683135986, 0.891914427280426, 0.9266462922096252, 0.9513753652572632, 0.9733259081840515, 0.9805501699447632, 0.9908307790756226, 0.9949986338615417, 0.9974992871284485, 0.9966657161712646, 0.9980550408363342, 0.9980550408363342, 0.9986107349395752, 0.9986107349395752, 0.9974992871284485, 0.9972214698791504, 0.9961100220680237, 0.9997221231460571, 0.9983328580856323, 0.999444305896759, 0.9972214698791504, 0.9986107349395752, 0.9974992871284485, 0.9986107349395752, 0.999444305896759, 0.9991664290428162, 0.9991664290428162, 0.999444305896759, 0.9988885521888733, 0.9991664290428162, 0.9977771639823914, 0.9949986338615417, 0.999444305896759, 0.9991664290428162, 0.9988885521888733, 0.999444305896759, 0.9997221231460571, 0.999444305896759, 0.999444305896759, 0.9997221231460571, 1.0, 0.999444305896759, 0.9997221231460571, 0.9991664290428162, 0.993887186050415, 0.9974992871284485, 0.9966657161712646, 0.9974992871284485, 0.9966657161712646, 0.9969435930252075, 0.9997221231460571, 0.9997221231460571, 1.0, 1.0, 0.9997221231460571, 0.9997221231460571, 0.9991664290428162, 0.9858294129371643, 0.9969435930252075, 0.9986107349395752, 0.9969435930252075], "val_loss": [3.2922303676605225, 3.31457257270813, 2.7615151405334473, 2.1141276359558105, 2.1380326747894287, 1.759497046470642, 1.2993241548538208, 1.0901707410812378, 1.0104986429214478, 1.06531822681427, 0.839412271976471, 0.7064700722694397, 0.7085762619972229, 0.6999640464782715, 0.6051823496818542, 0.6265831589698792, 0.663392186164856, 0.6696923971176147, 0.6653138399124146, 0.768157422542572, 0.5985593795776367, 0.5941604971885681, 0.646781861782074, 0.6900075674057007, 0.6046796441078186, 0.615992546081543, 0.5821728110313416, 0.5346142649650574, 0.550142228603363, 0.5372692942619324, 0.5664755702018738, 0.5924782156944275, 0.5581853985786438, 0.6616765260696411, 0.7320753931999207, 0.6627708673477173, 0.6006377935409546, 0.6660420298576355, 0.6395971775054932, 0.5723937153816223, 0.5007540583610535, 0.5708183646202087, 0.5914937257766724, 0.5167698264122009, 0.5128523707389832, 0.738663375377655, 0.6183905005455017, 1.0669035911560059, 0.7696248888969421, 1.2201111316680908, 0.6002740859985352, 0.5964823961257935, 0.5976644158363342, 0.4547082185745239, 0.5026735663414001, 0.46425509452819824, 0.41783642768859863, 0.4529166519641876, 0.41989797353744507, 0.8856231570243835, 0.978969931602478, 0.8105822205543518, 0.7200204730033875, 0.49803996086120605], "val_accuracy": [0.046666666865348816, 0.046666666865348816, 0.05444444343447685, 0.30222222208976746, 0.26777777075767517, 0.40444445610046387, 0.6566666960716248, 0.745555579662323, 0.7633333206176758, 0.699999988079071, 0.7977777719497681, 0.8788889050483704, 0.8899999856948853, 0.8822222352027893, 0.9111111164093018, 0.8966666460037231, 0.8888888955116272, 0.8933333158493042, 0.8822222352027893, 0.8422222137451172, 0.9122222065925598, 0.9088888764381409, 0.8822222352027893, 0.8788889050483704, 0.9155555367469788, 0.8922222256660461, 0.9111111164093018, 0.9311110973358154, 0.9111111164093018, 0.9100000262260437, 0.9144444465637207, 0.9088888764381409, 0.9100000262260437, 0.8888888955116272, 0.8633333444595337, 0.8933333158493042, 0.8822222352027893, 0.8633333444595337, 0.8811110854148865, 0.9088888764381409, 0.9200000166893005, 0.8999999761581421, 0.8866666555404663, 0.9122222065925598, 0.9133333563804626, 0.8199999928474426, 0.8866666555404663, 0.7855555415153503, 0.8633333444595337, 0.6644444465637207, 0.9055555462837219, 0.9133333563804626, 0.9122222065925598, 0.9155555367469788, 0.9044444561004639, 0.9177777767181396, 0.9211111068725586, 0.9211111068725586, 0.9244444370269775, 0.7977777719497681, 0.8144444227218628, 0.8711110949516296, 0.8422222137451172, 0.9144444465637207]}