{"loss": [2.2560930252075195, 1.9810856580734253, 1.7508232593536377, 1.5722225904464722, 1.472947359085083, 1.3710867166519165, 1.2745800018310547, 1.213126301765442, 1.1278502941131592, 1.0534547567367554, 1.009884238243103, 0.9470093250274658, 0.9042065143585205, 0.8549681305885315, 0.8149826526641846, 0.8038197755813599, 0.7458227276802063, 0.7156428694725037, 0.696977436542511, 0.6622686982154846, 0.6379035115242004, 0.6244661211967468, 0.6003696918487549, 0.5851428508758545, 0.5549150109291077, 0.5473892092704773, 0.5364529490470886, 0.5298641324043274, 0.5172945261001587, 0.5169748067855835, 0.4947381615638733, 0.4811413884162903, 0.4587782323360443, 0.44424039125442505, 0.4190353751182556, 0.4305471181869507, 0.4149145185947418, 0.419187992811203, 0.39767321944236755, 0.4018670320510864, 0.3819710910320282, 0.36236268281936646, 0.35158824920654297, 0.36578357219696045, 0.353585422039032, 0.3595704138278961, 0.3632539212703705, 0.33222460746765137, 0.33871394395828247, 0.32864683866500854, 0.3136967122554779, 0.31342458724975586, 0.3073241412639618, 0.3023861348628998, 0.30582326650619507, 0.29902562499046326, 0.29558175802230835, 0.29471105337142944, 0.3017065227031708, 0.2825963795185089, 0.26583272218704224, 0.2769908607006073, 0.2610098421573639, 0.2646253705024719], "accuracy": [0.1944984644651413, 0.31953319907188416, 0.4040011167526245, 0.47374269366264343, 0.5134759545326233, 0.556821346282959, 0.5896082520484924, 0.6143373250961304, 0.6554598212242126, 0.6876910328865051, 0.700472354888916, 0.7232564687728882, 0.7399277687072754, 0.7593775987625122, 0.7679911255836487, 0.7796609997749329, 0.7935537695884705, 0.8013337254524231, 0.80855792760849, 0.8232842683792114, 0.8263406753540039, 0.8332870006561279, 0.8399555683135986, 0.8444012403488159, 0.8538482785224915, 0.8610725402832031, 0.8582939505577087, 0.8607946634292603, 0.8705195784568787, 0.862739622592926, 0.8760766983032227, 0.8752431273460388, 0.8871908783912659, 0.8910808563232422, 0.8955265283584595, 0.8927479982376099, 0.898027241230011, 0.9008057713508606, 0.9024729132652283, 0.904140055179596, 0.9119199514389038, 0.921644926071167, 0.9219227433204651, 0.9194220900535583, 0.9185885190963745, 0.9180327653884888, 0.9119199514389038, 0.9310919642448425, 0.9274798631668091, 0.9272019863128662, 0.9327591061592102, 0.9297026991844177, 0.9355376362800598, 0.9349819421768188, 0.9330369830131531, 0.9324812293052673, 0.939705491065979, 0.9352598190307617, 0.9352598190307617, 0.939705491065979, 0.9447068572044373, 0.9433175921440125, 0.9505417943000793, 0.9510975480079651], "val_loss": [1.9802796840667725, 1.7696771621704102, 1.5444847345352173, 1.4239505529403687, 1.3084726333618164, 1.2599563598632812, 1.1869701147079468, 1.1469312906265259, 1.0476630926132202, 1.0467108488082886, 0.9676737189292908, 0.9069299697875977, 0.8915014266967773, 0.8567445874214172, 0.824134886264801, 0.8161548972129822, 0.7846727967262268, 0.7718908190727234, 0.7359952330589294, 0.7452754974365234, 0.7487415671348572, 0.7290910482406616, 0.7374155521392822, 0.7364634871482849, 0.6954714059829712, 0.725613534450531, 0.6804444789886475, 0.6940614581108093, 0.7202664017677307, 0.6863893866539001, 0.7145907878875732, 0.6767770051956177, 0.6734915971755981, 0.7248035073280334, 0.6478635668754578, 0.6814440488815308, 0.6163296699523926, 0.6472524404525757, 0.6751939654350281, 0.6656467914581299, 0.7635931372642517, 0.6752761006355286, 0.6362727880477905, 0.6247003674507141, 0.676768958568573, 0.7105106711387634, 0.6104222536087036, 0.6234592199325562, 0.6797255277633667, 0.632306694984436, 0.6349192261695862, 0.651872992515564, 0.6284301280975342, 0.6741257309913635, 0.635979413986206, 0.6451848745346069, 0.666939914226532, 0.6251980662345886, 0.6401739120483398, 0.7220035195350647, 0.64708012342453, 0.6757238507270813, 0.659483790397644, 0.750909686088562], "val_accuracy": [0.3311111032962799, 0.425555557012558, 0.476666659116745, 0.5400000214576721, 0.596666693687439, 0.5888888835906982, 0.6544444561004639, 0.6811110973358154, 0.7099999785423279, 0.7044444680213928, 0.7611111402511597, 0.7688888907432556, 0.7688888907432556, 0.7799999713897705, 0.7900000214576721, 0.7944444417953491, 0.804444432258606, 0.8066666722297668, 0.8211110830307007, 0.8122222423553467, 0.8155555725097656, 0.8199999928474426, 0.8122222423553467, 0.8311111330986023, 0.8311111330986023, 0.8333333134651184, 0.851111114025116, 0.8222222328186035, 0.8266666531562805, 0.851111114025116, 0.8255555629730225, 0.8488888740539551, 0.855555534362793, 0.8255555629730225, 0.8677777647972107, 0.8455555438995361, 0.8588888645172119, 0.8588888645172119, 0.8644444346427917, 0.8444444537162781, 0.8233333230018616, 0.8544444441795349, 0.8688889145851135, 0.8655555844306946, 0.8433333039283752, 0.8566666841506958, 0.8666666746139526, 0.8688889145851135, 0.8666666746139526, 0.8666666746139526, 0.8655555844306946, 0.8755555748939514, 0.8755555748939514, 0.8688889145851135, 0.8711110949516296, 0.8655555844306946, 0.8722222447395325, 0.8755555748939514, 0.8766666650772095, 0.8544444441795349, 0.8844444155693054, 0.8644444346427917, 0.8755555748939514, 0.855555534362793]}