{"loss": [1.7416516542434692, 1.3737826347351074, 1.1822469234466553, 1.0397061109542847, 0.9085460901260376, 0.7912952899932861, 0.7185232639312744, 0.6039896011352539, 0.5343025326728821, 0.5047869682312012, 0.44009914994239807, 0.38113436102867126, 0.34485262632369995, 0.3154257535934448, 0.28700050711631775, 0.24158123135566711, 0.22235524654388428, 0.2333938181400299, 0.28756099939346313, 0.2530030608177185, 0.21644406020641327, 0.19145601987838745, 0.17846103012561798, 0.22292664647102356, 0.17863085865974426, 0.14876894652843475, 0.14111405611038208, 0.1272600293159485, 0.1216510608792305, 0.12595796585083008, 0.10633018612861633, 0.10860954225063324, 0.08963596075773239, 0.10851996392011642, 0.12571477890014648, 0.08589174598455429, 0.08059187233448029, 0.13279959559440613, 0.10191420465707779, 0.12534914910793304, 0.11380360275506973, 0.07915449887514114, 0.06997359544038773, 0.058686647564172745, 0.07090029865503311, 0.056697022169828415, 0.07680508494377136, 0.09364474564790726, 0.11638494580984116, 0.10786545276641846, 0.09516744315624237, 0.08272725343704224, 0.05308455973863602, 0.049559321254491806, 0.06300944834947586, 0.04532935470342636, 0.037718407809734344, 0.03746240586042404, 0.058384183794260025, 0.04145386070013046, 0.0655139833688736, 0.057278625667095184, 0.05340449512004852, 0.09151992201805115], "accuracy": [0.39788830280303955, 0.569324791431427, 0.6493470668792725, 0.7071408629417419, 0.7574326395988464, 0.7985551357269287, 0.8338427543640137, 0.8724645972251892, 0.9019172191619873, 0.9063628911972046, 0.928591251373291, 0.9497082233428955, 0.9555432200431824, 0.9663795232772827, 0.9719366431236267, 0.9847179651260376, 0.9866629838943481, 0.9822173118591309, 0.9602667689323425, 0.9724923372268677, 0.981383740901947, 0.9849958419799805, 0.987496554851532, 0.9736037850379944, 0.9858294129371643, 0.9924979209899902, 0.994442880153656, 0.9941650629043579, 0.9947207570075989, 0.9933314919471741, 0.9969435930252075, 0.9980550408363342, 0.9983328580856323, 0.9958322048187256, 0.9894415140151978, 0.9977771639823914, 0.9969435930252075, 0.9869408011436462, 0.9955543279647827, 0.9847179651260376, 0.9905529022216797, 0.9977771639823914, 0.9986107349395752, 0.999444305896759, 0.9966657161712646, 0.9986107349395752, 0.9947207570075989, 0.9911086559295654, 0.9858294129371643, 0.9869408011436462, 0.9911086559295654, 0.9949986338615417, 0.9991664290428162, 0.9988885521888733, 0.9969435930252075, 0.9997221231460571, 1.0, 0.9991664290428162, 0.9969435930252075, 0.9986107349395752, 0.9952764511108398, 0.9974992871284485, 0.9963878989219666, 0.988330066204071], "val_loss": [21.18473243713379, 2.0002288818359375, 2.04941725730896, 3.3381402492523193, 2.3949434757232666, 2.020324230194092, 1.7033802270889282, 1.7392092943191528, 1.6970255374908447, 1.4381998777389526, 1.2356088161468506, 1.0955153703689575, 1.014115333557129, 1.1771538257598877, 0.8857941627502441, 0.8035905361175537, 0.9548140168190002, 2.2190988063812256, 0.7331336140632629, 1.1103354692459106, 0.5445396304130554, 0.5021423101425171, 0.6806871891021729, 0.6507401466369629, 0.6177662014961243, 0.5486918687820435, 0.44676095247268677, 0.5242862701416016, 0.41350847482681274, 0.37897789478302, 0.4071030914783478, 0.4327789843082428, 0.4546186625957489, 0.6544854640960693, 0.4491320550441742, 0.4177326261997223, 1.0821806192398071, 0.7787575125694275, 0.6491721868515015, 0.794437050819397, 0.5049730539321899, 0.421949565410614, 0.3858053386211395, 0.3498966693878174, 0.3442569077014923, 0.3425944447517395, 0.5471361875534058, 0.8493003249168396, 0.6411163806915283, 0.444760799407959, 0.5055272579193115, 0.4669053554534912, 0.4322435259819031, 0.3434072732925415, 0.3850424885749817, 0.3171631991863251, 0.2948402166366577, 0.3518393933773041, 0.3916144371032715, 0.33991241455078125, 0.7779693603515625, 0.4056331515312195, 1.039844274520874, 0.793641209602356], "val_accuracy": [0.18111111223697662, 0.2911111116409302, 0.3266666531562805, 0.23999999463558197, 0.2966666519641876, 0.38777777552604675, 0.504444420337677, 0.5166666507720947, 0.476666659116745, 0.5722222328186035, 0.6311110854148865, 0.7011111378669739, 0.7133333086967468, 0.653333306312561, 0.742222249507904, 0.7777777910232544, 0.7155555486679077, 0.3655555546283722, 0.7933333516120911, 0.6277777552604675, 0.8566666841506958, 0.8622221946716309, 0.8033333420753479, 0.8344444632530212, 0.8233333230018616, 0.846666693687439, 0.8933333158493042, 0.846666693687439, 0.8866666555404663, 0.8999999761581421, 0.894444465637207, 0.8899999856948853, 0.8644444346427917, 0.8100000023841858, 0.8855555653572083, 0.8811110854148865, 0.7166666388511658, 0.7555555701255798, 0.8277778029441833, 0.7733333110809326, 0.8566666841506958, 0.8833333253860474, 0.8888888955116272, 0.8999999761581421, 0.9011111259460449, 0.9055555462837219, 0.8533333539962769, 0.7266666889190674, 0.804444432258606, 0.8844444155693054, 0.8644444346427917, 0.8611111044883728, 0.8788889050483704, 0.898888885974884, 0.8866666555404663, 0.9066666960716248, 0.9188888669013977, 0.8911111354827881, 0.8911111354827881, 0.9133333563804626, 0.7844444513320923, 0.8888888955116272, 0.7388888597488403, 0.7699999809265137]}