{"loss": [2.517014980316162, 2.4512312412261963, 2.422125816345215, 2.4002175331115723, 2.380533218383789, 2.3686673641204834, 2.3343496322631836, 2.3150503635406494, 2.305471181869507, 2.280714988708496, 2.274381160736084, 2.239154577255249, 2.238455295562744, 2.2117247581481934, 2.2120919227600098, 2.1905782222747803, 2.1813032627105713, 2.171473503112793, 2.14587664604187, 2.1435766220092773, 2.13962459564209, 2.123767614364624, 2.1082711219787598, 2.1039905548095703, 2.097219467163086, 2.080674886703491, 2.0737433433532715, 2.0658087730407715, 2.0532515048980713, 2.0436134338378906, 2.0332489013671875, 2.0218682289123535, 2.0219733715057373, 1.9979788064956665, 1.9904735088348389, 2.000959873199463, 1.9740910530090332, 1.9575586318969727, 1.9583525657653809, 1.946750521659851, 1.9416694641113281, 1.9165048599243164, 1.9132002592086792, 1.900810718536377, 1.9017611742019653, 1.88230562210083, 1.8874783515930176, 1.881877064704895, 1.8631407022476196, 1.8584356307983398, 1.8472301959991455, 1.8390306234359741, 1.8313556909561157, 1.7967348098754883, 1.7989401817321777, 1.7988909482955933, 1.7760692834854126, 1.7889899015426636, 1.784745693206787, 1.7851674556732178, 1.765041470527649, 1.7496846914291382, 1.7367535829544067, 1.741512417793274], "accuracy": [0.10697416216135025, 0.1147540956735611, 0.13114753365516663, 0.14059461653232574, 0.13920533657073975, 0.15782161056995392, 0.17310364544391632, 0.18005001544952393, 0.1858849674463272, 0.19699916243553162, 0.19255349040031433, 0.20116698741912842, 0.20644623041152954, 0.21422617137432098, 0.20644623041152954, 0.23312030732631683, 0.2253403663635254, 0.22450681030750275, 0.2434009462594986, 0.2514587342739105, 0.23867741227149963, 0.25257015228271484, 0.24812448024749756, 0.2670186161994934, 0.2597943842411041, 0.27229785919189453, 0.27479854226112366, 0.28313419222831726, 0.27729925513267517, 0.29174771904945374, 0.29313698410987854, 0.30286189913749695, 0.30730757117271423, 0.3186996281147003, 0.31953319907188416, 0.31425395607948303, 0.32314532995224, 0.3317588269710541, 0.3284245729446411, 0.3312031030654907, 0.34315088391304016, 0.356487900018692, 0.3550986349582672, 0.35704362392425537, 0.3523200750350952, 0.36565712094306946, 0.35982218384742737, 0.3550986349582672, 0.3723256587982178, 0.3717699348926544, 0.3634342849254608, 0.3764934837818146, 0.3820505738258362, 0.4012225568294525, 0.39677688479423523, 0.39483189582824707, 0.3984440267086029, 0.39483189582824707, 0.40344539284706116, 0.39233121275901794, 0.40650179982185364, 0.4151152968406677, 0.4212281107902527, 0.4126146137714386], "val_loss": [2.410756826400757, 2.383556365966797, 2.362006902694702, 2.3393044471740723, 2.3193721771240234, 2.2988789081573486, 2.2754015922546387, 2.2494149208068848, 2.2266228199005127, 2.2040271759033203, 2.1817705631256104, 2.158400297164917, 2.1372151374816895, 2.1193599700927734, 2.1028707027435303, 2.0881314277648926, 2.073516368865967, 2.0597965717315674, 2.0463616847991943, 2.035234212875366, 2.023580551147461, 2.015997886657715, 2.002859592437744, 1.9938689470291138, 1.9838206768035889, 1.973062515258789, 1.9615391492843628, 1.9515851736068726, 1.941942572593689, 1.9307975769042969, 1.9186490774154663, 1.9128291606903076, 1.9030656814575195, 1.8911982774734497, 1.8784695863723755, 1.867979884147644, 1.8592047691345215, 1.8475315570831299, 1.8393272161483765, 1.8295670747756958, 1.8207366466522217, 1.8082976341247559, 1.795822262763977, 1.7866195440292358, 1.7779587507247925, 1.76553213596344, 1.7553908824920654, 1.7494996786117554, 1.7395144701004028, 1.7304173707962036, 1.7185295820236206, 1.708361268043518, 1.700397253036499, 1.6877460479736328, 1.6787917613983154, 1.6706647872924805, 1.6620221138000488, 1.6555757522583008, 1.6463583707809448, 1.639800786972046, 1.6276257038116455, 1.6183578968048096, 1.6117196083068848, 1.6032439470291138], "val_accuracy": [0.1388888955116272, 0.17777778208255768, 0.18888889253139496, 0.2199999988079071, 0.24111111462116241, 0.24666666984558105, 0.25111111998558044, 0.25111111998558044, 0.2544444501399994, 0.2588889002799988, 0.2644444406032562, 0.26777777075767517, 0.273333340883255, 0.28555554151535034, 0.28333333134651184, 0.29555556178092957, 0.301111102104187, 0.31555554270744324, 0.3199999928474426, 0.3266666531562805, 0.3333333432674408, 0.34333333373069763, 0.35111111402511597, 0.3566666543483734, 0.3655555546283722, 0.3655555546283722, 0.371111124753952, 0.3799999952316284, 0.3866666555404663, 0.3911111056804657, 0.38999998569488525, 0.39444443583488464, 0.39666667580604553, 0.4011111259460449, 0.402222216129303, 0.4099999964237213, 0.41111111640930176, 0.4144444465637207, 0.41999998688697815, 0.4166666567325592, 0.425555557012558, 0.425555557012558, 0.42888888716697693, 0.4333333373069763, 0.43444445729255676, 0.43444445729255676, 0.44111111760139465, 0.4511111080646515, 0.45222222805023193, 0.44777777791023254, 0.4511111080646515, 0.4577777683734894, 0.46000000834465027, 0.46000000834465027, 0.46444445848464966, 0.4699999988079071, 0.476666659116745, 0.47333332896232605, 0.47333332896232605, 0.47555556893348694, 0.476666659116745, 0.47999998927116394, 0.4788888990879059, 0.4811111092567444]}