{"loss": [1.7822853326797485, 1.407515525817871, 1.1820348501205444, 1.0634196996688843, 0.8764684796333313, 0.7601374983787537, 0.6547916531562805, 0.5518406629562378, 0.4787995517253876, 0.42665261030197144, 0.36429521441459656, 0.32913345098495483, 0.26857849955558777, 0.23922394216060638, 0.20707640051841736, 0.18283604085445404, 0.16295525431632996, 0.15254847705364227, 0.12184341251850128, 0.11084151268005371, 0.14525744318962097, 0.08634427934885025, 0.11572524905204773, 0.1797197461128235, 0.1326153725385666, 0.0867837592959404, 0.08096776157617569, 0.07795874029397964, 0.11243555694818497, 0.08001971989870071, 0.0839330330491066, 0.0753433108329773, 0.04430254548788071, 0.06276162713766098, 0.0696815550327301, 0.042736396193504333, 0.03265852853655815, 0.06679622083902359, 0.03883564844727516, 0.05634409561753273, 0.06148487702012062, 0.04441695660352707, 0.031596679240465164, 0.022485435009002686, 0.03318895399570465, 0.025563517585396767, 0.03905555233359337, 0.06702674180269241, 0.08856697380542755, 0.07608573138713837, 0.04940744861960411, 0.06916166096925735, 0.028703629970550537, 0.03046850673854351, 0.02916255220770836, 0.02602207101881504, 0.021648267284035683, 0.016251137480139732, 0.030217066407203674, 0.02013321965932846, 0.07419002801179886, 0.07586155086755753, 0.03555751219391823, 0.037224747240543365], "accuracy": [0.37010279297828674, 0.5173659324645996, 0.6035009622573853, 0.640733540058136, 0.7118644118309021, 0.7490969896316528, 0.7927201986312866, 0.8255071043968201, 0.8413448333740234, 0.8616282343864441, 0.8874687552452087, 0.8996943831443787, 0.9149763584136963, 0.9305362701416016, 0.9399833083152771, 0.9438732862472534, 0.9552653431892395, 0.9563767910003662, 0.9674909710884094, 0.9686024188995361, 0.9566546082496643, 0.9752709269523621, 0.9647124409675598, 0.9474853873252869, 0.9616560339927673, 0.9747151732444763, 0.9761044979095459, 0.9774937629699707, 0.9655460119247437, 0.9766601920127869, 0.9791609048843384, 0.976938009262085, 0.9894415140151978, 0.9861072301864624, 0.9830508232116699, 0.988052248954773, 0.9913864731788635, 0.9805501699447632, 0.9913864731788635, 0.982495129108429, 0.982495129108429, 0.9888858199119568, 0.9911086559295654, 0.9930536150932312, 0.9902750849723816, 0.9922200441360474, 0.988330066204071, 0.9802722930908203, 0.9716587662696838, 0.975826621055603, 0.9858294129371643, 0.9788830280303955, 0.994442880153656, 0.9922200441360474, 0.9922200441360474, 0.9919422268867493, 0.9955543279647827, 0.9958322048187256, 0.9930536150932312, 0.9949986338615417, 0.9794387221336365, 0.975826621055603, 0.9905529022216797, 0.9899972081184387], "val_loss": [113.94103240966797, 19.440645217895508, 8.42447280883789, 5.158390522003174, 3.543455123901367, 1.7226167917251587, 1.1510435342788696, 1.545938491821289, 2.5255792140960693, 1.0583605766296387, 1.259224534034729, 0.9171363115310669, 0.8903419375419617, 0.9444880485534668, 0.7341586351394653, 0.7221937775611877, 0.6091452240943909, 1.3718948364257812, 0.5413074493408203, 1.3961598873138428, 0.8778173327445984, 0.5835635662078857, 0.6254087090492249, 0.9467464089393616, 0.7818983793258667, 0.6308313608169556, 0.9630640149116516, 0.6396439075469971, 1.0130375623703003, 0.6141286492347717, 0.5477284789085388, 0.5245726108551025, 0.6491156220436096, 0.7524332404136658, 0.7144002914428711, 0.544486403465271, 0.6076083183288574, 0.6463015675544739, 0.5086803436279297, 0.9478969573974609, 0.5379339456558228, 0.9141873121261597, 0.5768364667892456, 0.7576448321342468, 0.6580314040184021, 0.6415615081787109, 0.6793385744094849, 0.6483116745948792, 0.8796296715736389, 0.8530106544494629, 1.1642757654190063, 0.8001267313957214, 0.5832800269126892, 0.6693822741508484, 0.6589671969413757, 0.521499514579773, 0.5189024806022644, 0.510118842124939, 0.6191286444664001, 0.6135361790657043, 0.8128148913383484, 1.0204646587371826, 0.6481615304946899, 0.7027210593223572], "val_accuracy": [0.17000000178813934, 0.14000000059604645, 0.13555555045604706, 0.24222221970558167, 0.27666667103767395, 0.5066666603088379, 0.6577777862548828, 0.5788888931274414, 0.476666659116745, 0.6855555772781372, 0.6566666960716248, 0.7311111092567444, 0.7522222399711609, 0.7188888788223267, 0.7799999713897705, 0.7777777910232544, 0.8222222328186035, 0.6688888669013977, 0.8311111330986023, 0.6311110854148865, 0.7566666603088379, 0.8255555629730225, 0.800000011920929, 0.7633333206176758, 0.7666666507720947, 0.8299999833106995, 0.7344444394111633, 0.8277778029441833, 0.7266666889190674, 0.8333333134651184, 0.8433333039283752, 0.851111114025116, 0.8411111235618591, 0.800000011920929, 0.8311111330986023, 0.8444444537162781, 0.8422222137451172, 0.8344444632530212, 0.8566666841506958, 0.7866666913032532, 0.847777783870697, 0.8088889122009277, 0.855555534362793, 0.8122222423553467, 0.8388888835906982, 0.8355555534362793, 0.8422222137451172, 0.8244444727897644, 0.7955555319786072, 0.7911111116409302, 0.7177777886390686, 0.800000011920929, 0.8500000238418579, 0.8399999737739563, 0.8399999737739563, 0.8911111354827881, 0.8877778053283691, 0.8799999952316284, 0.8500000238418579, 0.8399999737739563, 0.8177777528762817, 0.7733333110809326, 0.8399999737739563, 0.8311111330986023]}