{"loss": [1.7418888807296753, 1.467928409576416, 1.279503345489502, 1.121852993965149, 0.9658850431442261, 0.8583055734634399, 0.7742627263069153, 0.6791396737098694, 0.6207734942436218, 0.5512312054634094, 0.5074037909507751, 0.44267746806144714, 0.41778525710105896, 0.3760180175304413, 0.3291637599468231, 0.31238308548927307, 0.2796303927898407, 0.2632802128791809, 0.23893988132476807, 0.21916629374027252, 0.20473241806030273, 0.20366689562797546, 0.18129536509513855, 0.16465328633785248, 0.16409578919410706, 0.15000876784324646, 0.15311366319656372, 0.15136711299419403, 0.137220561504364, 0.12711717188358307, 0.1209535226225853, 0.1276145875453949, 0.1168854609131813, 0.1169007197022438, 0.11026812344789505, 0.11579523980617523, 0.10116498172283173, 0.1007583811879158, 0.09495488554239273, 0.09299184381961823, 0.08547758311033249, 0.07851624488830566, 0.09131594002246857, 0.08148691058158875, 0.07099656015634537, 0.06923249363899231, 0.07444670051336288, 0.07907535880804062, 0.07178989052772522, 0.06723350286483765, 0.07487832754850388, 0.06989189982414246, 0.07084856927394867, 0.06685519218444824, 0.06843529641628265, 0.06396473944187164, 0.059485841542482376, 0.05621255189180374, 0.06130550429224968, 0.048533543944358826, 0.07170013338327408, 0.054523125290870667, 0.05643949657678604, 0.05283280089497566], "accuracy": [0.39483189582824707, 0.5248680114746094, 0.6087802052497864, 0.6749097108840942, 0.7329813838005066, 0.7685468196868896, 0.8018894195556641, 0.8391219973564148, 0.8582939505577087, 0.8769102692604065, 0.8941372632980347, 0.9113642573356628, 0.9135870933532715, 0.9263684153556824, 0.9474853873252869, 0.9494304060935974, 0.9602667689323425, 0.9602667689323425, 0.9652681350708008, 0.9722145199775696, 0.9736037850379944, 0.9738816618919373, 0.9797165989875793, 0.9827730059623718, 0.981383740901947, 0.9833287000656128, 0.9802722930908203, 0.981939435005188, 0.9858294129371643, 0.9847179651260376, 0.9899972081184387, 0.9811058640480042, 0.988052248954773, 0.9844401478767395, 0.9905529022216797, 0.9861072301864624, 0.9894415140151978, 0.9888858199119568, 0.9908307790756226, 0.9891636371612549, 0.994442880153656, 0.9952764511108398, 0.9905529022216797, 0.9913864731788635, 0.9947207570075989, 0.994442880153656, 0.9919422268867493, 0.993887186050415, 0.9924979209899902, 0.9961100220680237, 0.9930536150932312, 0.9936093091964722, 0.993887186050415, 0.9927757978439331, 0.993887186050415, 0.9933314919471741, 0.9952764511108398, 0.9963878989219666, 0.9933314919471741, 0.9963878989219666, 0.9913864731788635, 0.9963878989219666, 0.9955543279647827, 0.9974992871284485], "val_loss": [3.0050694942474365, 2.879141330718994, 2.285081386566162, 1.5994837284088135, 1.3211214542388916, 1.018980860710144, 0.9103721380233765, 0.9725943803787231, 0.7818371057510376, 0.7092593312263489, 0.6130064129829407, 0.5661247968673706, 0.647504448890686, 0.5471541285514832, 0.6087578535079956, 0.643421471118927, 0.7984317541122437, 0.5227997899055481, 0.48619428277015686, 0.6159732341766357, 0.3885185718536377, 0.45971065759658813, 0.965900719165802, 0.6965788006782532, 0.386018306016922, 0.48334747552871704, 0.5652368664741516, 0.4272957742214203, 0.38792839646339417, 0.40467825531959534, 0.35667672753334045, 0.3276589512825012, 0.470426470041275, 0.8629941940307617, 0.33173051476478577, 0.34160465002059937, 0.3497692048549652, 0.5601488351821899, 0.8369589447975159, 0.6861976385116577, 0.34384778141975403, 0.5244538187980652, 0.3249809741973877, 0.3483200669288635, 0.32270190119743347, 1.1425368785858154, 0.7056332230567932, 0.41063907742500305, 0.5382305383682251, 1.1848965883255005, 0.4309108257293701, 0.30754080414772034, 0.3391629159450531, 0.45297256112098694, 0.3230660557746887, 0.32415804266929626, 0.3233341872692108, 0.5291783213615417, 0.3043527901172638, 0.47536662220954895, 0.4903745651245117, 0.42389819025993347, 0.5166683197021484, 0.38216179609298706], "val_accuracy": [0.04777777940034866, 0.052222222089767456, 0.25333333015441895, 0.47555556893348694, 0.5422222018241882, 0.6800000071525574, 0.7144444584846497, 0.6844444274902344, 0.7844444513320923, 0.7844444513320923, 0.8244444727897644, 0.8533333539962769, 0.8155555725097656, 0.846666693687439, 0.8344444632530212, 0.8133333325386047, 0.7511110901832581, 0.8488888740539551, 0.8788889050483704, 0.8088889122009277, 0.8966666460037231, 0.8700000047683716, 0.7333333492279053, 0.7877777814865112, 0.902222216129303, 0.8688889145851135, 0.8255555629730225, 0.8822222352027893, 0.8899999856948853, 0.8788889050483704, 0.9122222065925598, 0.9122222065925598, 0.8655555844306946, 0.7311111092567444, 0.9100000262260437, 0.903333306312561, 0.9011111259460449, 0.8155555725097656, 0.7355555295944214, 0.7922222018241882, 0.9122222065925598, 0.8355555534362793, 0.9111111164093018, 0.898888885974884, 0.9155555367469788, 0.6499999761581421, 0.7933333516120911, 0.8733333349227905, 0.8266666531562805, 0.6755555272102356, 0.8688889145851135, 0.9111111164093018, 0.9055555462837219, 0.8644444346427917, 0.9044444561004639, 0.903333306312561, 0.9044444561004639, 0.8344444632530212, 0.9188888669013977, 0.8577777743339539, 0.855555534362793, 0.8733333349227905, 0.8233333230018616, 0.8855555653572083]}