{"loss": [2.1424636840820312, 1.7218388319015503, 1.416793704032898, 1.2879822254180908, 1.1455389261245728, 1.0422171354293823, 0.9726278781890869, 0.8702351450920105, 0.8034955859184265, 0.7769648432731628, 0.6935150623321533, 0.7106773257255554, 0.6392831206321716, 0.5868669748306274, 0.563923716545105, 0.5204735398292542, 0.5041277408599854, 0.49944794178009033, 0.4849914014339447, 0.44797593355178833, 0.4355515241622925, 0.4124687612056732, 0.42968374490737915, 0.43982401490211487, 0.45060667395591736, 0.4473194181919098, 0.39210039377212524, 0.3593786656856537, 0.373818576335907, 0.35286495089530945, 0.35993102192878723, 0.3408724367618561, 0.38985201716423035, 0.3071194887161255, 0.3027522563934326, 0.30260008573532104, 0.3126423954963684, 0.32228216528892517, 0.30787038803100586, 0.3940589725971222, 0.29033753275871277, 0.27977246046066284, 0.31134364008903503, 0.3258824944496155, 0.3012508749961853, 0.2704433798789978, 0.2632685899734497, 0.2745603621006012, 0.25763338804244995, 0.2696070671081543, 0.27159398794174194, 0.2408830225467682, 0.23862048983573914, 0.22443506121635437, 0.2355736494064331, 0.2673504948616028, 0.27189555764198303, 0.25437822937965393, 0.24798603355884552, 0.2432958483695984, 0.23835161328315735, 0.2409847229719162, 0.23280861973762512, 0.26980060338974], "accuracy": [0.2520144581794739, 0.4101139307022095, 0.5359821915626526, 0.592386782169342, 0.6385107040405273, 0.687968909740448, 0.7176993489265442, 0.7474298477172852, 0.7810502648353577, 0.7841066718101501, 0.814115047454834, 0.808002233505249, 0.832175612449646, 0.8463461995124817, 0.8591275215148926, 0.8713531494140625, 0.8858016133308411, 0.8794109225273132, 0.8796887993812561, 0.89747154712677, 0.9027507901191711, 0.9024729132652283, 0.9080300331115723, 0.9063628911972046, 0.898027241230011, 0.9013614654541016, 0.9180327653884888, 0.9241455793380737, 0.9194220900535583, 0.9316476583480835, 0.9263684153556824, 0.934148371219635, 0.9266462922096252, 0.9472075700759888, 0.9485968351364136, 0.9474853873252869, 0.9441511631011963, 0.9394276142120361, 0.9483189582824707, 0.9188663363456726, 0.9510975480079651, 0.9555432200431824, 0.9463739991188049, 0.9430397152900696, 0.9494304060935974, 0.9605445861816406, 0.958877444267273, 0.9560989141464233, 0.958321750164032, 0.9574881792068481, 0.9569324851036072, 0.9641566872596741, 0.9691581130027771, 0.9699916839599609, 0.9672130942344666, 0.9585996270179749, 0.9574881792068481, 0.9666574001312256, 0.9619338512420654, 0.9661017060279846, 0.9641566872596741, 0.9647124409675598, 0.9683245420455933, 0.957766056060791], "val_loss": [1.7592684030532837, 1.436333179473877, 1.25288724899292, 1.102684497833252, 1.0155540704727173, 0.9556301832199097, 0.8846370577812195, 1.018988013267517, 0.8666601777076721, 0.8484476804733276, 0.7699112892150879, 0.7947144508361816, 0.7811952829360962, 0.7605305910110474, 0.7033176422119141, 0.7029834389686584, 0.6870421171188354, 0.6933786869049072, 0.6990180611610413, 0.7083492875099182, 0.687567949295044, 0.6913565397262573, 0.7013481855392456, 0.725236177444458, 0.6899887323379517, 0.7133243083953857, 0.6532031893730164, 0.8892872929573059, 0.7038649916648865, 0.7338966727256775, 0.6808033585548401, 0.7612737417221069, 0.6909885406494141, 0.6676731109619141, 0.6843276619911194, 0.7390905022621155, 0.6605673432350159, 0.6577903032302856, 0.7239329814910889, 0.8070471286773682, 0.7811239361763, 0.7487229704856873, 0.7348050475120544, 0.6864672303199768, 0.7525636553764343, 0.7406660914421082, 0.7135182619094849, 0.7169734239578247, 0.7357181906700134, 0.7490530610084534, 0.6700161695480347, 0.8022779226303101, 0.7992303967475891, 0.7306323051452637, 0.7762548923492432, 0.7623952031135559, 0.7931527495384216, 0.799209713935852, 0.7608156204223633, 0.7773852348327637, 0.7862808704376221, 0.6867104768753052, 0.694388747215271, 0.7929461002349854], "val_accuracy": [0.4077777862548828, 0.5455555319786072, 0.6088888645172119, 0.6933333277702332, 0.7022222280502319, 0.7288888692855835, 0.7655555605888367, 0.7444444298744202, 0.7811111211776733, 0.7911111116409302, 0.8088889122009277, 0.8211110830307007, 0.8177777528762817, 0.8233333230018616, 0.8455555438995361, 0.8455555438995361, 0.8433333039283752, 0.8433333039283752, 0.8566666841506958, 0.847777783870697, 0.8744444251060486, 0.8622221946716309, 0.8600000143051147, 0.8444444537162781, 0.8655555844306946, 0.852222204208374, 0.8799999952316284, 0.8244444727897644, 0.8577777743339539, 0.8711110949516296, 0.8822222352027893, 0.8700000047683716, 0.8666666746139526, 0.8799999952316284, 0.8655555844306946, 0.8833333253860474, 0.8744444251060486, 0.8777777552604675, 0.8677777647972107, 0.8577777743339539, 0.8744444251060486, 0.8644444346427917, 0.8722222447395325, 0.8755555748939514, 0.8799999952316284, 0.8833333253860474, 0.8877778053283691, 0.8866666555404663, 0.8722222447395325, 0.8777777552604675, 0.8744444251060486, 0.8888888955116272, 0.8844444155693054, 0.8966666460037231, 0.8700000047683716, 0.8700000047683716, 0.8566666841506958, 0.8755555748939514, 0.8833333253860474, 0.8722222447395325, 0.8766666650772095, 0.8733333349227905, 0.8911111354827881, 0.8711110949516296]}