{"loss": [193.71908569335938, 13.038867950439453, 11.739709854125977, 10.766310691833496, 9.97388744354248, 9.308764457702637, 8.740006446838379, 8.239439964294434, 7.7987518310546875, 7.410721778869629, 7.050170421600342, 6.731484889984131, 6.438239574432373, 6.1724395751953125, 5.931236743927002, 5.704226016998291, 5.493557929992676, 5.308971881866455, 5.123688220977783, 4.956363201141357, 4.798006534576416, 4.653652667999268, 4.518960952758789, 4.394367218017578, 4.270655155181885, 4.1581220626831055, 4.05338191986084, 3.955860137939453, 3.8558311462402344, 3.769251823425293, 3.6824114322662354, 3.6036431789398193, 3.527573585510254, 3.4597747325897217, 3.3879036903381348, 3.3232202529907227, 3.2679896354675293, 3.2086377143859863, 3.155015707015991, 3.102738857269287, 3.05548095703125, 3.0103254318237305, 2.9648733139038086, 2.9226114749908447, 2.8852341175079346, 2.8494043350219727, 2.8132660388946533, 2.7818868160247803, 2.752701997756958, 2.7204806804656982, 2.6945600509643555, 2.665212392807007, 2.6430790424346924, 2.6230456829071045, 2.5992705821990967, 2.5755417346954346, 2.556544303894043, 2.535792589187622, 2.5186727046966553, 2.5054826736450195, 2.4909045696258545, 2.4771528244018555, 2.4609622955322266, 2.4514005184173584], "accuracy": [0.10586273670196533, 0.10280633717775345, 0.1203112006187439, 0.11225340515375137, 0.1133648231625557, 0.11280911415815353, 0.11586552113294601, 0.11364267766475677, 0.11836621165275574, 0.11392053216695786, 0.11864406615495682, 0.10447346419095993, 0.11141984164714813, 0.10336204618215561, 0.10641845315694809, 0.11392053216695786, 0.11280911415815353, 0.1147540956735611, 0.11781050264835358, 0.12392330914735794, 0.11308696866035461, 0.10919699817895889, 0.1189219206571579, 0.10614059120416641, 0.11864406615495682, 0.11669908463954926, 0.11141984164714813, 0.10614059120416641, 0.11503195017576218, 0.11558766663074493, 0.11169769614934921, 0.11975548416376114, 0.1175326481461525, 0.10725201666355133, 0.1147540956735611, 0.12281189113855362, 0.11030841618776321, 0.12336760014295578, 0.11530980467796326, 0.11975548416376114, 0.12003334611654282, 0.10975270718336105, 0.1133648231625557, 0.10947485268115997, 0.12475688010454178, 0.11975548416376114, 0.11169769614934921, 0.11169769614934921, 0.11919977515935898, 0.11781050264835358, 0.11586552113294601, 0.11836621165275574, 0.11503195017576218, 0.10363990068435669, 0.1217004731297493, 0.11364267766475677, 0.11114198714494705, 0.11836621165275574, 0.11530980467796326, 0.11086413264274597, 0.11725479364395142, 0.1147540956735611, 0.11308696866035461, 0.10280633717775345], "val_loss": [13.823141098022461, 12.297688484191895, 11.198455810546875, 10.328907012939453, 9.605199813842773, 9.001214027404785, 8.466852188110352, 8.001924514770508, 7.591894149780273, 7.21405553817749, 6.882450580596924, 6.571662425994873, 6.295334815979004, 6.032958030700684, 5.808261394500732, 5.589112281799316, 5.394526481628418, 5.202591896057129, 5.034889221191406, 4.866994380950928, 4.714193344116211, 4.573120594024658, 4.451635837554932, 4.320857048034668, 4.204511642456055, 4.094279766082764, 3.9981584548950195, 3.895543098449707, 3.798654556274414, 3.716660976409912, 3.6374638080596924, 3.5627710819244385, 3.4825336933135986, 3.413513422012329, 3.351722002029419, 3.286442279815674, 3.228713035583496, 3.170262098312378, 3.117886543273926, 3.080230236053467, 3.030761957168579, 2.9850804805755615, 2.9378557205200195, 2.9052064418792725, 2.8598616123199463, 2.821481227874756, 2.797377824783325, 2.763047218322754, 2.73215651512146, 2.712371349334717, 2.6716809272766113, 2.6573402881622314, 2.626513719558716, 2.600799798965454, 2.5817911624908447, 2.561746597290039, 2.540560483932495, 2.520277261734009, 2.5176568031311035, 2.487910270690918, 2.484008550643921, 2.465373992919922, 2.4487576484680176, 2.448760509490967], "val_accuracy": [0.11555555462837219, 0.11555555462837219, 0.11555555462837219, 0.11555555462837219, 0.12999999523162842, 0.11444444209337234, 0.11444444209337234, 0.11555555462837219, 0.10555555671453476, 0.10444444417953491, 0.11222222447395325, 0.11555555462837219, 0.10444444417953491, 0.12999999523162842, 0.10444444417953491, 0.10444444417953491, 0.11555555462837219, 0.10444444417953491, 0.11444444209337234, 0.10555555671453476, 0.11555555462837219, 0.11555555462837219, 0.10555555671453476, 0.11555555462837219, 0.11555555462837219, 0.11555555462837219, 0.10555555671453476, 0.11555555462837219, 0.12999999523162842, 0.11222222447395325, 0.11555555462837219, 0.10444444417953491, 0.12999999523162842, 0.12999999523162842, 0.11444444209337234, 0.11555555462837219, 0.11555555462837219, 0.12999999523162842, 0.11555555462837219, 0.10555555671453476, 0.11444444209337234, 0.11555555462837219, 0.11222222447395325, 0.11444444209337234, 0.11222222447395325, 0.12999999523162842, 0.11444444209337234, 0.11444444209337234, 0.11444444209337234, 0.11222222447395325, 0.10555555671453476, 0.11555555462837219, 0.12999999523162842, 0.11555555462837219, 0.11555555462837219, 0.10444444417953491, 0.11444444209337234, 0.11555555462837219, 0.11555555462837219, 0.11555555462837219, 0.10444444417953491, 0.11444444209337234, 0.11444444209337234, 0.11555555462837219]}