{"loss": [2.3974761962890625, 2.2282767295837402, 2.1197822093963623, 2.0140652656555176, 1.9281682968139648, 1.8452260494232178, 1.7363957166671753, 1.6565465927124023, 1.6114557981491089, 1.5493868589401245, 1.4874531030654907, 1.4312101602554321, 1.3878679275512695, 1.3432334661483765, 1.3108291625976562, 1.2796396017074585, 1.245751142501831, 1.2094165086746216, 1.1758031845092773, 1.1358474493026733, 1.1165438890457153, 1.0668443441390991, 1.0684285163879395, 1.035516381263733, 1.0367902517318726, 0.9914560317993164, 0.972384512424469, 0.9405755400657654, 0.9330273866653442, 0.9067911505699158, 0.8891944885253906, 0.8604626655578613, 0.8615063428878784, 0.8429792523384094, 0.8334684371948242, 0.8081964254379272, 0.8192312717437744, 0.7841552495956421, 0.7597439289093018, 0.7587665915489197, 0.7352425456047058, 0.7107487916946411, 0.7027880549430847, 0.7151080965995789, 0.7156646251678467, 0.6715480089187622, 0.6813064813613892, 0.6767727136611938, 0.6524428725242615, 0.6552890539169312, 0.64561927318573, 0.6264205574989319, 0.6286001801490784, 0.6102428436279297, 0.6009120345115662, 0.5876615643501282, 0.5790491104125977, 0.5820145010948181, 0.5882590413093567, 0.5663145780563354, 0.5567601323127747, 0.5559803247451782, 0.5386554002761841, 0.5481235384941101], "accuracy": [0.14031675457954407, 0.20477910339832306, 0.2575715482234955, 0.31397610902786255, 0.3453737199306488, 0.3695470988750458, 0.42428451776504517, 0.44401222467422485, 0.46957486867904663, 0.4962489604949951, 0.5156987905502319, 0.5426507592201233, 0.551819920539856, 0.568769097328186, 0.5876632332801819, 0.5921089053153992, 0.6079466342926025, 0.6210058331489563, 0.6354542970657349, 0.6457349061965942, 0.6590719819068909, 0.677410364151001, 0.6771325469017029, 0.6876910328865051, 0.688524603843689, 0.7093636989593506, 0.7057515978813171, 0.7315921187400818, 0.73659348487854, 0.7410391569137573, 0.7438177466392517, 0.7493748068809509, 0.7568768858909607, 0.7679911255836487, 0.766879677772522, 0.7741039395332336, 0.766323983669281, 0.7777160406112671, 0.784940242767334, 0.7916087508201599, 0.8082800507545471, 0.8093914985656738, 0.80855792760849, 0.8060572147369385, 0.8110586404800415, 0.820227861404419, 0.8157821893692017, 0.8163378834724426, 0.8268963694572449, 0.8246735334396362, 0.8296748995780945, 0.8405112624168396, 0.8380105495452881, 0.8391219973564148, 0.844123363494873, 0.8488469123840332, 0.8452348113059998, 0.8460683226585388, 0.8524590134620667, 0.8538482785224915, 0.8491247296333313, 0.8591275215148926, 0.862739622592926, 0.86829674243927], "val_loss": [2.2446370124816895, 2.0684285163879395, 1.9628695249557495, 1.8627296686172485, 1.7486107349395752, 1.6583927869796753, 1.570776343345642, 1.4948333501815796, 1.4419857263565063, 1.3927619457244873, 1.3247867822647095, 1.303109049797058, 1.2325735092163086, 1.214704990386963, 1.1873090267181396, 1.1560074090957642, 1.1297496557235718, 1.1055089235305786, 1.0765329599380493, 1.0472549200057983, 1.0326088666915894, 1.0070282220840454, 1.01930570602417, 1.0097020864486694, 0.951312243938446, 0.9295792579650879, 0.9162567257881165, 0.9049374461174011, 0.8946148753166199, 0.875106930732727, 0.8730356097221375, 0.8731235265731812, 0.8599554896354675, 0.8423832058906555, 0.81467205286026, 0.8319474458694458, 0.8100869655609131, 0.8099474310874939, 0.8019259572029114, 0.7850685119628906, 0.7807297706604004, 0.7608278393745422, 0.8081837296485901, 0.7708688974380493, 0.7463382482528687, 0.7349898219108582, 0.7297298908233643, 0.7381084561347961, 0.7406164407730103, 0.7315077185630798, 0.7308476567268372, 0.7142757773399353, 0.7205213904380798, 0.6999722719192505, 0.702276885509491, 0.7164039015769958, 0.7020206451416016, 0.7220285534858704, 0.6772342920303345, 0.6863391995429993, 0.6783407926559448, 0.6798673272132874, 0.6830626726150513, 0.6719622015953064], "val_accuracy": [0.2433333396911621, 0.3100000023841858, 0.36222222447395325, 0.4000000059604645, 0.41999998688697815, 0.46000000834465027, 0.4855555593967438, 0.5255555510520935, 0.5533333420753479, 0.5588889122009277, 0.6088888645172119, 0.6188889145851135, 0.6344444155693054, 0.6466666460037231, 0.647777795791626, 0.6633333563804626, 0.6677777767181396, 0.6833333373069763, 0.6866666674613953, 0.6966666579246521, 0.7055555582046509, 0.7099999785423279, 0.7088888883590698, 0.7155555486679077, 0.7599999904632568, 0.7488889098167419, 0.7611111402511597, 0.7555555701255798, 0.7677778005599976, 0.7788888812065125, 0.7744444608688354, 0.7744444608688354, 0.7833333611488342, 0.79666668176651, 0.800000011920929, 0.7955555319786072, 0.8066666722297668, 0.8033333420753479, 0.8055555820465088, 0.8133333325386047, 0.8199999928474426, 0.8277778029441833, 0.800000011920929, 0.8111110925674438, 0.8244444727897644, 0.8322222232818604, 0.8266666531562805, 0.8255555629730225, 0.8177777528762817, 0.8211110830307007, 0.8277778029441833, 0.8288888931274414, 0.8277778029441833, 0.8366666436195374, 0.8299999833106995, 0.8255555629730225, 0.8266666531562805, 0.8288888931274414, 0.8355555534362793, 0.8500000238418579, 0.8322222232818604, 0.8322222232818604, 0.8444444537162781, 0.8422222137451172]}