{"loss": [1.8075356483459473, 1.4698889255523682, 1.329899549484253, 1.2105848789215088, 1.1115028858184814, 0.9990358352661133, 0.9382104873657227, 0.8641351461410522, 0.803717315196991, 0.754931628704071, 0.7027254700660706, 0.6609569191932678, 0.6328511834144592, 0.6021484136581421, 0.5804494023323059, 0.556121289730072, 0.5415684580802917, 0.5247551798820496, 0.5099329352378845, 0.4984787106513977, 0.48778820037841797, 0.4810676574707031, 0.4746508300304413, 0.4736330211162567, 0.46106672286987305, 0.456870436668396, 0.4528924226760864, 0.45341336727142334, 0.4338390827178955, 0.4373962879180908, 0.42995983362197876, 0.4315114915370941, 0.42591699957847595, 0.4167775809764862, 0.4171031415462494, 0.41918888688087463, 0.4082425832748413, 0.4106540381908417, 0.40470606088638306, 0.4036177098751068, 0.4027658998966217, 0.403200626373291, 0.39545971155166626, 0.3955829441547394, 0.39329513907432556, 0.3938238024711609, 0.38775116205215454, 0.38745370507240295, 0.3911486566066742, 0.3923823833465576, 0.3871648609638214, 0.38620513677597046, 0.3815392851829529, 0.3880593180656433, 0.3907127380371094, 0.3791460692882538, 0.37009891867637634, 0.37973225116729736, 0.37607496976852417, 0.3695068061351776, 0.3798735439777374, 0.36882445216178894, 0.37324631214141846, 0.3747924268245697], "accuracy": [0.38510698080062866, 0.5245901346206665, 0.6026673913002014, 0.6701861619949341, 0.7232564687728882, 0.7729924917221069, 0.8096693754196167, 0.8494026064872742, 0.8732981085777283, 0.9071964621543884, 0.9255348443984985, 0.9449847340583801, 0.9547096490859985, 0.9647124409675598, 0.9761044979095459, 0.982495129108429, 0.9847179651260376, 0.987496554851532, 0.9894415140151978, 0.9905529022216797, 0.9941650629043579, 0.9941650629043579, 0.9949986338615417, 0.9924979209899902, 0.9949986338615417, 0.9961100220680237, 0.9961100220680237, 0.9958322048187256, 0.9969435930252075, 0.9966657161712646, 0.9977771639823914, 0.9969435930252075, 0.9986107349395752, 0.9974992871284485, 0.9974992871284485, 0.9972214698791504, 0.9983328580856323, 0.9972214698791504, 0.9986107349395752, 0.9980550408363342, 0.9988885521888733, 0.9983328580856323, 0.999444305896759, 0.999444305896759, 0.9986107349395752, 0.9988885521888733, 0.9980550408363342, 0.999444305896759, 0.9977771639823914, 0.9983328580856323, 0.9986107349395752, 0.9988885521888733, 0.9988885521888733, 0.999444305896759, 0.9980550408363342, 0.999444305896759, 0.9997221231460571, 0.9991664290428162, 0.9991664290428162, 0.9988885521888733, 0.9991664290428162, 1.0, 0.999444305896759, 0.9997221231460571], "val_loss": [2.581254720687866, 2.883065938949585, 2.991227388381958, 2.8521409034729004, 2.5430943965911865, 2.2253775596618652, 1.8306183815002441, 1.5631356239318848, 1.3762041330337524, 1.2720191478729248, 1.141156792640686, 1.091491937637329, 1.038424015045166, 1.0253223180770874, 0.9778209924697876, 0.9806510210037231, 0.9691720008850098, 0.9475213885307312, 0.9591838717460632, 0.9407448768615723, 0.9294981360435486, 0.8953345417976379, 0.9046200513839722, 0.8990617990493774, 0.9083415865898132, 0.9066600203514099, 0.9101236462593079, 0.900304913520813, 0.8905584216117859, 0.8867160081863403, 0.8903707265853882, 0.8925141096115112, 0.9032678604125977, 0.8948748707771301, 0.883456289768219, 0.8820772767066956, 0.8774516582489014, 0.8712222576141357, 0.8743023872375488, 0.8872942924499512, 0.8837042450904846, 0.8768103122711182, 0.8640927672386169, 0.8800148963928223, 0.8696848154067993, 0.8680987358093262, 0.8757897019386292, 0.8838707804679871, 0.8633077144622803, 0.8710084557533264, 0.8822330832481384, 0.8767231106758118, 0.8740466237068176, 0.864226758480072, 0.8581585884094238, 0.8581286668777466, 0.8547642230987549, 0.8651842474937439, 0.8555224537849426, 0.8617151379585266, 0.8740523457527161, 0.8562212586402893, 0.8597661852836609, 0.855982780456543], "val_accuracy": [0.046666666865348816, 0.046666666865348816, 0.046666666865348816, 0.046666666865348816, 0.06444444507360458, 0.162222221493721, 0.41333332657814026, 0.5177778005599976, 0.6244444251060486, 0.6733333468437195, 0.7477777600288391, 0.7799999713897705, 0.7955555319786072, 0.801111102104187, 0.8122222423553467, 0.8222222328186035, 0.8122222423553467, 0.8177777528762817, 0.8277778029441833, 0.8322222232818604, 0.8266666531562805, 0.8277778029441833, 0.8277778029441833, 0.8344444632530212, 0.8355555534362793, 0.8377777934074402, 0.8411111235618591, 0.8388888835906982, 0.8433333039283752, 0.8333333134651184, 0.8455555438995361, 0.8377777934074402, 0.8433333039283752, 0.847777783870697, 0.8533333539962769, 0.846666693687439, 0.855555534362793, 0.8444444537162781, 0.8444444537162781, 0.8622221946716309, 0.8422222137451172, 0.8566666841506958, 0.8500000238418579, 0.852222204208374, 0.855555534362793, 0.8544444441795349, 0.846666693687439, 0.8422222137451172, 0.855555534362793, 0.8588888645172119, 0.847777783870697, 0.8588888645172119, 0.855555534362793, 0.8500000238418579, 0.8533333539962769, 0.8500000238418579, 0.8577777743339539, 0.8444444537162781, 0.8566666841506958, 0.8544444441795349, 0.8577777743339539, 0.8533333539962769, 0.8544444441795349, 0.8611111044883728]}