{"loss": [1.68544340133667, 1.2884111404418945, 1.0671422481536865, 0.9353594183921814, 0.760431706905365, 0.6545470356941223, 0.5830017924308777, 0.5015010237693787, 0.44886380434036255, 0.4072643220424652, 0.34361571073532104, 0.30172377824783325, 0.276970237493515, 0.24056550860404968, 0.20740345120429993, 0.19084076583385468, 0.18266384303569794, 0.1847352534532547, 0.20021720230579376, 0.1585579216480255, 0.14028017222881317, 0.1385691612958908, 0.1396276205778122, 0.143941730260849, 0.12472489476203918, 0.09845509380102158, 0.10753300786018372, 0.08596540242433548, 0.09340086579322815, 0.07300375401973724, 0.06706713140010834, 0.12182058393955231, 0.06581377983093262, 0.0850277915596962, 0.09391363710165024, 0.06631729751825333, 0.05290711671113968, 0.06776554882526398, 0.05071660131216049, 0.10501658916473389, 0.08177290856838226, 0.046835269778966904, 0.03840592876076698, 0.03099779039621353, 0.03511694073677063, 0.037589870393276215, 0.038559116423130035, 0.06427212804555893, 0.06228509172797203, 0.050012025982141495, 0.052278973162174225, 0.06620673090219498, 0.047948580235242844, 0.03256237134337425, 0.07254073768854141, 0.03311196714639664, 0.02379305101931095, 0.030235188081860542, 0.05229278653860092, 0.025569671764969826, 0.052708979696035385, 0.051689229905605316, 0.03264329582452774, 0.04311192408204079], "accuracy": [0.4198388457298279, 0.6029452681541443, 0.6904695630073547, 0.7402055859565735, 0.8088358044624329, 0.8435676693916321, 0.868852436542511, 0.8969157934188843, 0.9146985411643982, 0.9272019863128662, 0.9435954689979553, 0.9549875259399414, 0.9627674221992493, 0.9713809490203857, 0.9802722930908203, 0.981939435005188, 0.9802722930908203, 0.981939435005188, 0.9691581130027771, 0.9816615581512451, 0.9855515360832214, 0.9849958419799805, 0.9833287000656128, 0.9799944162368774, 0.988330066204071, 0.9924979209899902, 0.9919422268867493, 0.9952764511108398, 0.9902750849723816, 0.9961100220680237, 0.9980550408363342, 0.9816615581512451, 0.9966657161712646, 0.9911086559295654, 0.9872186779975891, 0.994442880153656, 0.9972214698791504, 0.994442880153656, 0.9966657161712646, 0.981939435005188, 0.9861072301864624, 0.9977771639823914, 0.9986107349395752, 0.999444305896759, 0.9980550408363342, 0.9974992871284485, 0.9977771639823914, 0.9905529022216797, 0.9908307790756226, 0.9958322048187256, 0.994442880153656, 0.9877743721008301, 0.9933314919471741, 0.9980550408363342, 0.987496554851532, 0.9980550408363342, 0.999444305896759, 0.9966657161712646, 0.9933314919471741, 0.9983328580856323, 0.9905529022216797, 0.9927757978439331, 0.9952764511108398, 0.9952764511108398], "val_loss": [1.9950681924819946, 2.177398204803467, 2.4962100982666016, 2.0469107627868652, 2.058199644088745, 1.3153132200241089, 0.978206217288971, 1.3735978603363037, 0.8988312482833862, 0.6205400824546814, 0.7427487373352051, 0.7174292802810669, 0.5841627717018127, 0.6744484901428223, 0.5008476972579956, 0.5579735040664673, 0.6543053984642029, 1.078371286392212, 0.6044653058052063, 0.5052553415298462, 0.46760377287864685, 0.6043075919151306, 0.5923522114753723, 0.8466615080833435, 0.4565960466861725, 0.4475997984409332, 0.45183220505714417, 0.45754164457321167, 0.36127087473869324, 0.43947887420654297, 0.3521581292152405, 0.3878762722015381, 0.5664622783660889, 0.6757223606109619, 0.6485701203346252, 0.3551410138607025, 0.543694794178009, 0.41389137506484985, 0.5378038287162781, 0.3893122971057892, 0.44652584195137024, 0.3708515763282776, 0.3255982995033264, 0.28129929304122925, 0.4496297240257263, 0.32373476028442383, 0.39972150325775146, 0.5700693130493164, 0.43168818950653076, 0.5207003355026245, 0.5779891014099121, 0.95670485496521, 0.3723262548446655, 0.35414302349090576, 0.5160496234893799, 0.321807324886322, 0.28318583965301514, 0.6049619317054749, 0.48584508895874023, 0.3144785463809967, 0.45947620272636414, 0.609749436378479, 0.4000224173069, 0.4149666428565979], "val_accuracy": [0.35111111402511597, 0.2988888919353485, 0.2822222113609314, 0.3777777850627899, 0.42222222685813904, 0.6166666746139526, 0.7188888788223267, 0.5877777934074402, 0.742222249507904, 0.8311111330986023, 0.7933333516120911, 0.7944444417953491, 0.8388888835906982, 0.801111102104187, 0.855555534362793, 0.8377777934074402, 0.804444432258606, 0.6600000262260437, 0.8244444727897644, 0.8488888740539551, 0.8588888645172119, 0.8233333230018616, 0.8255555629730225, 0.7666666507720947, 0.8711110949516296, 0.8811110854148865, 0.8655555844306946, 0.8799999952316284, 0.8955555558204651, 0.8733333349227905, 0.9066666960716248, 0.8955555558204651, 0.8288888931274414, 0.804444432258606, 0.8166666626930237, 0.902222216129303, 0.8433333039283752, 0.8755555748939514, 0.847777783870697, 0.8811110854148865, 0.8711110949516296, 0.8888888955116272, 0.9011111259460449, 0.9255555272102356, 0.8722222447395325, 0.9100000262260437, 0.8866666555404663, 0.8344444632530212, 0.8755555748939514, 0.8544444441795349, 0.8366666436195374, 0.7255555391311646, 0.8855555653572083, 0.8933333158493042, 0.8577777743339539, 0.9088888764381409, 0.9177777767181396, 0.8344444632530212, 0.8444444537162781, 0.9188888669013977, 0.8611111044883728, 0.8277778029441833, 0.8811110854148865, 0.8844444155693054]}