{"loss": [1.6577668190002441, 1.3514537811279297, 1.1279624700546265, 0.9728383421897888, 0.8655049204826355, 0.7739896178245544, 0.7048859596252441, 0.6196151971817017, 0.5743778347969055, 0.5195717215538025, 0.47064298391342163, 0.4561420977115631, 0.41408729553222656, 0.35414859652519226, 0.3318328857421875, 0.3022323250770569, 0.2884410619735718, 0.26132211089134216, 0.2592078149318695, 0.23459237813949585, 0.23049920797348022, 0.1956414133310318, 0.1850171685218811, 0.17686967551708221, 0.1569831818342209, 0.16063851118087769, 0.16423548758029938, 0.14296266436576843, 0.12885044515132904, 0.11785677820444107, 0.10963995009660721, 0.10385352373123169, 0.09963873773813248, 0.1257942020893097, 0.10289683938026428, 0.07995931059122086, 0.11619068682193756, 0.08812179416418076, 0.064771369099617, 0.06747749447822571, 0.07256580144166946, 0.061280589550733566, 0.06197366863489151, 0.07009465247392654, 0.06241863593459129, 0.05371079221367836, 0.058389823883771896, 0.047868601977825165, 0.042045608162879944, 0.05353664979338646, 0.07307660579681396, 0.04227367416024208, 0.0474143922328949, 0.04235110431909561, 0.03421597182750702, 0.049928437918424606, 0.03830172121524811, 0.028645357117056847, 0.02816011942923069, 0.041493188589811325, 0.03806636109948158, 0.06582501530647278, 0.04393051192164421, 0.055682022124528885], "accuracy": [0.4209502637386322, 0.5621005892753601, 0.6482356190681458, 0.7054737210273743, 0.7471519708633423, 0.7685468196868896, 0.7985551357269287, 0.827174186706543, 0.8438454866409302, 0.8560711145401001, 0.8727424144744873, 0.8805223703384399, 0.8921923041343689, 0.9141428470611572, 0.9199777841567993, 0.92803555727005, 0.9324812293052673, 0.9374826550483704, 0.9349819421768188, 0.9455404281616211, 0.9513753652572632, 0.9566546082496643, 0.9599888920783997, 0.9608224630355835, 0.9658238291740417, 0.9624896049499512, 0.9622117280960083, 0.9686024188995361, 0.9761044979095459, 0.976382315158844, 0.9788830280303955, 0.9805501699447632, 0.9833287000656128, 0.9724923372268677, 0.9799944162368774, 0.9869408011436462, 0.9744373559951782, 0.9808279871940613, 0.9888858199119568, 0.9869408011436462, 0.9886079430580139, 0.9916643500328064, 0.9866629838943481, 0.9827730059623718, 0.9888858199119568, 0.9922200441360474, 0.9888858199119568, 0.9922200441360474, 0.9922200441360474, 0.9905529022216797, 0.9833287000656128, 0.9919422268867493, 0.9916643500328064, 0.9930536150932312, 0.9958322048187256, 0.9894415140151978, 0.9947207570075989, 0.9963878989219666, 0.9958322048187256, 0.9930536150932312, 0.9913864731788635, 0.9872186779975891, 0.9902750849723816, 0.9861072301864624], "val_loss": [2.0989465713500977, 3.05888295173645, 1.273076057434082, 1.371453881263733, 0.8327671885490417, 1.064132571220398, 0.8455231189727783, 0.7643668055534363, 0.6560463905334473, 0.6570977568626404, 0.9916045069694519, 0.6725309491157532, 0.7421201467514038, 0.4269134998321533, 0.7666683197021484, 0.5578936338424683, 0.4097307026386261, 0.45524120330810547, 0.5819321274757385, 0.5591269731521606, 0.4323281943798065, 0.4602001905441284, 0.7947337627410889, 0.511232316493988, 0.9362426996231079, 1.0147480964660645, 0.3701138496398926, 0.5090911388397217, 0.6554721593856812, 0.4752337336540222, 0.409928560256958, 0.37897422909736633, 0.30980971455574036, 0.4714078903198242, 0.34979385137557983, 0.7962514162063599, 0.43526214361190796, 0.30798888206481934, 0.3577044606208801, 0.5304818153381348, 0.32545363903045654, 0.2978303134441376, 0.32064563035964966, 0.37152713537216187, 0.3333994448184967, 0.330309122800827, 0.40282925963401794, 0.37797486782073975, 0.32202959060668945, 0.29521867632865906, 0.33092406392097473, 0.35195454955101013, 0.37036624550819397, 0.3161763548851013, 0.469242125749588, 0.4953434467315674, 0.30183085799217224, 0.3493918180465698, 0.48905137181282043, 0.33019620180130005, 0.41267046332359314, 0.3546994924545288, 0.4475211203098297, 0.5097754597663879], "val_accuracy": [0.3100000023841858, 0.24222221970558167, 0.5944444537162781, 0.5577777624130249, 0.7555555701255798, 0.6577777862548828, 0.7311111092567444, 0.7622222304344177, 0.8022222518920898, 0.7933333516120911, 0.7077777981758118, 0.7855555415153503, 0.7855555415153503, 0.8700000047683716, 0.7777777910232544, 0.8344444632530212, 0.8844444155693054, 0.8644444346427917, 0.8355555534362793, 0.8455555438995361, 0.8744444251060486, 0.8688889145851135, 0.7677778005599976, 0.8388888835906982, 0.753333330154419, 0.695555567741394, 0.8933333158493042, 0.8622221946716309, 0.8177777528762817, 0.855555534362793, 0.8744444251060486, 0.8911111354827881, 0.898888885974884, 0.8577777743339539, 0.9055555462837219, 0.7744444608688354, 0.8755555748939514, 0.9155555367469788, 0.902222216129303, 0.8355555534362793, 0.9100000262260437, 0.9133333563804626, 0.898888885974884, 0.8966666460037231, 0.903333306312561, 0.9144444465637207, 0.8966666460037231, 0.8955555558204651, 0.9077777862548828, 0.9122222065925598, 0.9011111259460449, 0.8999999761581421, 0.8899999856948853, 0.9066666960716248, 0.8677777647972107, 0.8500000238418579, 0.9188888669013977, 0.9011111259460449, 0.8666666746139526, 0.9122222065925598, 0.8811110854148865, 0.9066666960716248, 0.8711110949516296, 0.8799999952316284]}