{"loss": [2.429683208465576, 2.3021130561828613, 2.2008190155029297, 2.1160993576049805, 2.0637741088867188, 2.014132499694824, 1.9308515787124634, 1.8830417394638062, 1.8283438682556152, 1.7830311059951782, 1.7313058376312256, 1.6689635515213013, 1.6231739521026611, 1.5658137798309326, 1.5364810228347778, 1.4850531816482544, 1.4555819034576416, 1.4353067874908447, 1.3943053483963013, 1.3604294061660767, 1.338855266571045, 1.295301914215088, 1.2916276454925537, 1.25257408618927, 1.2383358478546143, 1.208451747894287, 1.2033286094665527, 1.1765373945236206, 1.1556453704833984, 1.1287142038345337, 1.1118031740188599, 1.0665205717086792, 1.0671766996383667, 1.0579289197921753, 1.043550968170166, 1.0303000211715698, 1.0217247009277344, 1.0058356523513794, 0.9849380254745483, 0.9573231339454651, 0.9462807178497314, 0.9338457584381104, 0.9200431704521179, 0.9125267267227173, 0.9010753035545349, 0.8776919841766357, 0.87296062707901, 0.8763262629508972, 0.857215940952301, 0.8515551090240479, 0.8277127146720886, 0.823100745677948, 0.8203755617141724, 0.79561847448349, 0.7735572457313538, 0.7809380888938904, 0.7680362462997437, 0.7664729356765747, 0.7675371766090393, 0.7332324981689453, 0.7452059388160706, 0.7368611097335815, 0.7209511995315552, 0.7144469022750854], "accuracy": [0.13337038457393646, 0.18143929541110992, 0.21978327631950378, 0.2556265592575073, 0.28035566210746765, 0.3009169101715088, 0.34037232398986816, 0.35982218384742737, 0.3876076638698578, 0.39788830280303955, 0.41317033767700195, 0.4392887055873871, 0.46512919664382935, 0.47735482454299927, 0.49847179651260376, 0.5148652195930481, 0.5301472544670105, 0.5309808254241943, 0.5470964312553406, 0.563211977481842, 0.5751597881317139, 0.5943317413330078, 0.5907196402549744, 0.6118366122245789, 0.6215615272521973, 0.622672975063324, 0.6243401169776917, 0.6437899470329285, 0.6451792120933533, 0.6671297550201416, 0.6646290421485901, 0.6765768527984619, 0.6810225248336792, 0.6832453608512878, 0.6813003420829773, 0.6910252571105957, 0.7001944780349731, 0.7029730677604675, 0.7193664908409119, 0.718532919883728, 0.725201427936554, 0.7279800176620483, 0.724090039730072, 0.7343706488609314, 0.7382606267929077, 0.7452070116996765, 0.7532647848129272, 0.7507640719413757, 0.7535426616668701, 0.7549319267272949, 0.7599332928657532, 0.7707696557044983, 0.7732703685760498, 0.7763267755508423, 0.7810502648353577, 0.7821617126464844, 0.7796609997749329, 0.7863295078277588, 0.7877188324928284, 0.7974437475204468, 0.7966101765632629, 0.7957766056060791, 0.8032786846160889, 0.80855792760849], "val_loss": [2.3116796016693115, 2.1773571968078613, 2.0623955726623535, 1.9857196807861328, 1.9208509922027588, 1.8633497953414917, 1.788318157196045, 1.7304744720458984, 1.6652158498764038, 1.6262856721878052, 1.5594650506973267, 1.5050987005233765, 1.4722166061401367, 1.4163343906402588, 1.3826301097869873, 1.3510019779205322, 1.3189648389816284, 1.3082770109176636, 1.252565622329712, 1.235673427581787, 1.2107715606689453, 1.1963351964950562, 1.1716574430465698, 1.1613638401031494, 1.144309401512146, 1.1134226322174072, 1.1152935028076172, 1.0858620405197144, 1.1006091833114624, 1.0606030225753784, 1.0473217964172363, 1.0305455923080444, 1.0220597982406616, 1.0046783685684204, 0.9913085699081421, 0.9836533069610596, 0.9814664125442505, 0.9509394764900208, 0.9357261061668396, 0.9442225694656372, 0.9300897121429443, 0.9138163328170776, 0.9055071473121643, 0.8907403945922852, 0.8943195939064026, 0.8825749158859253, 0.8778790831565857, 0.8706471920013428, 0.8548890948295593, 0.8429624438285828, 0.8330235481262207, 0.8361058235168457, 0.8379906415939331, 0.8267065286636353, 0.8212571144104004, 0.8143436908721924, 0.8102660179138184, 0.8271556496620178, 0.7906466126441956, 0.8045239448547363, 0.7855387926101685, 0.8090621829032898, 0.7851847410202026, 0.7745320200920105], "val_accuracy": [0.25999999046325684, 0.2866666615009308, 0.3222222328186035, 0.3655555546283722, 0.3866666555404663, 0.4055555462837219, 0.42444443702697754, 0.4322222173213959, 0.4577777683734894, 0.476666659116745, 0.49444442987442017, 0.5444444417953491, 0.5311111211776733, 0.5655555725097656, 0.597777783870697, 0.6111111044883728, 0.6100000143051147, 0.6311110854148865, 0.6333333253860474, 0.6288889050483704, 0.6433333158493042, 0.6544444561004639, 0.6577777862548828, 0.6511111259460449, 0.6722221970558167, 0.6766666769981384, 0.6866666674613953, 0.6888889074325562, 0.6877777576446533, 0.7044444680213928, 0.7122222185134888, 0.7144444584846497, 0.7144444584846497, 0.7200000286102295, 0.7255555391311646, 0.7355555295944214, 0.7344444394111633, 0.742222249507904, 0.7555555701255798, 0.7522222399711609, 0.7522222399711609, 0.7622222304344177, 0.7666666507720947, 0.7599999904632568, 0.7588889002799988, 0.7711111307144165, 0.7777777910232544, 0.7733333110809326, 0.7877777814865112, 0.7833333611488342, 0.7922222018241882, 0.7888888716697693, 0.7766666412353516, 0.7922222018241882, 0.7911111116409302, 0.7944444417953491, 0.800000011920929, 0.7888888716697693, 0.804444432258606, 0.7955555319786072, 0.8033333420753479, 0.7955555319786072, 0.804444432258606, 0.8022222518920898]}