{"loss": [2.3551206588745117, 2.1344313621520996, 2.0371322631835938, 1.8984249830245972, 1.7697681188583374, 1.6845899820327759, 1.5762016773223877, 1.4951393604278564, 1.446410059928894, 1.3683948516845703, 1.3087053298950195, 1.2744022607803345, 1.2365679740905762, 1.1944186687469482, 1.1469157934188843, 1.105539083480835, 1.0892692804336548, 1.0351362228393555, 1.0046305656433105, 0.9699245095252991, 0.939375638961792, 0.912811815738678, 0.8936216831207275, 0.8723565340042114, 0.8642963171005249, 0.8244781494140625, 0.8015044927597046, 0.7824799418449402, 0.7708404660224915, 0.7649133205413818, 0.7453451156616211, 0.7202665209770203, 0.713402509689331, 0.6950857639312744, 0.6743491888046265, 0.66840660572052, 0.6558161973953247, 0.6385955810546875, 0.6135842800140381, 0.6157812476158142, 0.5968929529190063, 0.6006655097007751, 0.5912737846374512, 0.584488034248352, 0.5632503032684326, 0.552802324295044, 0.5488542318344116, 0.5441399216651917, 0.5298504829406738, 0.5187191963195801, 0.5237897038459778, 0.4989357590675354, 0.48730918765068054, 0.49228233098983765, 0.4852876663208008, 0.4782600998878479, 0.48518458008766174, 0.45290741324424744, 0.45429712533950806, 0.45651835203170776, 0.4454626142978668, 0.44666576385498047, 0.431728333234787, 0.43180450797080994], "accuracy": [0.15782161056995392, 0.24868018925189972, 0.3061961531639099, 0.36037787795066833, 0.4040011167526245, 0.4362322986125946, 0.4742984175682068, 0.49569323658943176, 0.5376493334770203, 0.5554320812225342, 0.5776604413986206, 0.5998888611793518, 0.6096137762069702, 0.6257293820381165, 0.641289234161377, 0.6607391238212585, 0.6729646921157837, 0.6876910328865051, 0.7038066387176514, 0.712142288684845, 0.7196443676948547, 0.7243678569793701, 0.7438177466392517, 0.7454848289489746, 0.747707724571228, 0.766879677772522, 0.7760488986968994, 0.7777160406112671, 0.7866073846817017, 0.7785496115684509, 0.7971658706665039, 0.8043901324272156, 0.8113364577293396, 0.8199499845504761, 0.8168935775756836, 0.8191164135932922, 0.8241178393363953, 0.8246735334396362, 0.8343984484672546, 0.8393998146057129, 0.8410669565200806, 0.849680483341217, 0.8405112624168396, 0.8471797704696655, 0.8491247296333313, 0.8513476252555847, 0.856348991394043, 0.8602389693260193, 0.8649625182151794, 0.8694081902503967, 0.8663517832756042, 0.8699638843536377, 0.8833009004592896, 0.8716310262680054, 0.8757988214492798, 0.8746874332427979, 0.8777438402175903, 0.8874687552452087, 0.8877465724945068, 0.8871908783912659, 0.8894137144088745, 0.8844123482704163, 0.8960822224617004, 0.8971936702728271], "val_loss": [2.135667562484741, 1.9745838642120361, 1.830053687095642, 1.720306158065796, 1.5968329906463623, 1.4907572269439697, 1.3910380601882935, 1.3370047807693481, 1.2988042831420898, 1.2275282144546509, 1.201338291168213, 1.1567314863204956, 1.1413878202438354, 1.0845249891281128, 1.0557372570037842, 1.0286624431610107, 0.9973333477973938, 0.9889472723007202, 0.9426774382591248, 0.9218875169754028, 0.9007257223129272, 0.9108708500862122, 0.9023998975753784, 0.8734467029571533, 0.8367504477500916, 0.8272814154624939, 0.8148443102836609, 0.8083004355430603, 0.7963307499885559, 0.8065804839134216, 0.7763668894767761, 0.7917702198028564, 0.7580451965332031, 0.7509941458702087, 0.7692564725875854, 0.7678045034408569, 0.7277345061302185, 0.712190568447113, 0.7294341325759888, 0.7086909413337708, 0.704644501209259, 0.7033814191818237, 0.7083160877227783, 0.7276036143302917, 0.7072877287864685, 0.691827118396759, 0.6701955795288086, 0.6969704627990723, 0.669977068901062, 0.6777121424674988, 0.6674153804779053, 0.6658762097358704, 0.6864106059074402, 0.7058951258659363, 0.6665272116661072, 0.6723434329032898, 0.6480110883712769, 0.6874619126319885, 0.6629762053489685, 0.6647168397903442, 0.6325160264968872, 0.6635380983352661, 0.6603164076805115, 0.6270853281021118], "val_accuracy": [0.2844444513320923, 0.378888875246048, 0.41333332657814026, 0.4533333480358124, 0.47777777910232544, 0.5099999904632568, 0.5744444727897644, 0.602222204208374, 0.6033333539962769, 0.6377778053283691, 0.6411111354827881, 0.6588888764381409, 0.6611111164093018, 0.6877777576446533, 0.6944444179534912, 0.7111111283302307, 0.7211111187934875, 0.7255555391311646, 0.7477777600288391, 0.7622222304344177, 0.753333330154419, 0.757777750492096, 0.7688888907432556, 0.7722222208976746, 0.7900000214576721, 0.7766666412353516, 0.7900000214576721, 0.7944444417953491, 0.804444432258606, 0.8033333420753479, 0.804444432258606, 0.8155555725097656, 0.801111102104187, 0.8199999928474426, 0.8066666722297668, 0.8133333325386047, 0.8199999928474426, 0.8233333230018616, 0.8299999833106995, 0.8333333134651184, 0.8277778029441833, 0.8399999737739563, 0.8266666531562805, 0.8222222328186035, 0.8233333230018616, 0.8255555629730225, 0.8411111235618591, 0.8266666531562805, 0.8366666436195374, 0.8411111235618591, 0.8388888835906982, 0.8388888835906982, 0.8366666436195374, 0.846666693687439, 0.8399999737739563, 0.8388888835906982, 0.8500000238418579, 0.846666693687439, 0.8422222137451172, 0.846666693687439, 0.8433333039283752, 0.8533333539962769, 0.8377777934074402, 0.8622221946716309]}