{"loss": [1.6681530475616455, 1.2931466102600098, 1.0675628185272217, 0.917238712310791, 0.7683421969413757, 0.6534429788589478, 0.5929850935935974, 0.4943472146987915, 0.4616467356681824, 0.405024915933609, 0.3547736704349518, 0.30823585391044617, 0.2874428331851959, 0.2666989862918854, 0.2461014688014984, 0.2303188294172287, 0.19443488121032715, 0.17368964850902557, 0.1838342249393463, 0.16208946704864502, 0.1438431590795517, 0.14389069378376007, 0.131437286734581, 0.13049490749835968, 0.1202891618013382, 0.09498396515846252, 0.09890550374984741, 0.10917944461107254, 0.08490094542503357, 0.08022152632474899, 0.07658225297927856, 0.09077177941799164, 0.09287703782320023, 0.08732594549655914, 0.08603799343109131, 0.06954152882099152, 0.07485738396644592, 0.08928613364696503, 0.07052100449800491, 0.06359446793794632, 0.05788060650229454, 0.04759122058749199, 0.05843241885304451, 0.04797939211130142, 0.039531245827674866, 0.03605879843235016, 0.0456729382276535, 0.041728172451257706, 0.025143634527921677, 0.044400960206985474, 0.043525516986846924, 0.05746670067310333, 0.04360462725162506, 0.04710009694099426, 0.05639383941888809, 0.03240278363227844, 0.028221845626831055, 0.03059356100857258, 0.03966488689184189, 0.03539944067597389, 0.05841989442706108, 0.03431515395641327, 0.03810036927461624, 0.032562077045440674], "accuracy": [0.425118088722229, 0.5987774133682251, 0.6846346259117126, 0.7468741536140442, 0.7991108894348145, 0.8343984484672546, 0.8488469123840332, 0.8871908783912659, 0.8910808563232422, 0.9085857272148132, 0.9227563142776489, 0.9374826550483704, 0.9427618980407715, 0.9463739991188049, 0.9485968351364136, 0.9591553211212158, 0.9677688479423523, 0.9719366431236267, 0.9644345641136169, 0.9724923372268677, 0.9799944162368774, 0.9752709269523621, 0.9827730059623718, 0.9788830280303955, 0.9811058640480042, 0.9866629838943481, 0.9872186779975891, 0.9811058640480042, 0.9899972081184387, 0.9897193908691406, 0.9888858199119568, 0.9844401478767395, 0.9852736592292786, 0.982495129108429, 0.9863851070404053, 0.9886079430580139, 0.9861072301864624, 0.9805501699447632, 0.988330066204071, 0.9905529022216797, 0.9922200441360474, 0.9930536150932312, 0.9899972081184387, 0.9933314919471741, 0.9952764511108398, 0.9952764511108398, 0.9908307790756226, 0.993887186050415, 0.9974992871284485, 0.9919422268867493, 0.9919422268867493, 0.9886079430580139, 0.9919422268867493, 0.9902750849723816, 0.9894415140151978, 0.9949986338615417, 0.9963878989219666, 0.9941650629043579, 0.9913864731788635, 0.9936093091964722, 0.9913864731788635, 0.994442880153656, 0.9919422268867493, 0.9947207570075989], "val_loss": [2.7921926975250244, 1.8141369819641113, 2.0061182975769043, 1.481207013130188, 1.2114967107772827, 1.0504631996154785, 0.898390531539917, 1.1402637958526611, 0.8717252612113953, 0.5742378830909729, 0.5974860191345215, 0.5086650252342224, 0.7127121090888977, 0.5279924869537354, 0.5589150786399841, 0.4844895899295807, 0.3897373676300049, 0.47265028953552246, 0.4944665729999542, 0.49657106399536133, 0.33441710472106934, 0.6511332988739014, 0.7296083569526672, 0.7642580270767212, 0.5046392679214478, 0.3844509422779083, 0.41536957025527954, 0.5736395716667175, 0.39189842343330383, 0.3942354917526245, 0.4046713709831238, 1.5007425546646118, 0.3939912021160126, 0.3820904791355133, 0.4969933032989502, 0.43241456151008606, 0.356609046459198, 0.44094282388687134, 0.4705198407173157, 0.4059651792049408, 0.40406396985054016, 0.4135342836380005, 0.34991300106048584, 0.36887672543525696, 0.3508872389793396, 0.3183962106704712, 0.42275604605674744, 0.326363205909729, 0.3427535593509674, 0.44079986214637756, 0.42658406496047974, 1.0182212591171265, 0.4695689082145691, 0.4498111307621002, 0.30413389205932617, 0.362272173166275, 0.41258907318115234, 0.39040300250053406, 0.4185599088668823, 0.44488009810447693, 0.6170610785484314, 0.47536543011665344, 0.44278615713119507, 0.36731815338134766], "val_accuracy": [0.1411111056804657, 0.4588888883590698, 0.44111111760139465, 0.554444432258606, 0.602222204208374, 0.6811110973358154, 0.7233333587646484, 0.6277777552604675, 0.7200000286102295, 0.8444444537162781, 0.8055555820465088, 0.8500000238418579, 0.7833333611488342, 0.8399999737739563, 0.8255555629730225, 0.8600000143051147, 0.8911111354827881, 0.8600000143051147, 0.8577777743339539, 0.852222204208374, 0.9100000262260437, 0.7900000214576721, 0.7855555415153503, 0.7733333110809326, 0.852222204208374, 0.8955555558204651, 0.8788889050483704, 0.8277778029441833, 0.8899999856948853, 0.8844444155693054, 0.8722222447395325, 0.597777783870697, 0.8855555653572083, 0.8922222256660461, 0.8633333444595337, 0.8788889050483704, 0.8933333158493042, 0.8677777647972107, 0.8611111044883728, 0.8722222447395325, 0.8866666555404663, 0.8844444155693054, 0.8999999761581421, 0.8955555558204651, 0.894444465637207, 0.903333306312561, 0.8733333349227905, 0.9044444561004639, 0.903333306312561, 0.8611111044883728, 0.8666666746139526, 0.7366666793823242, 0.8600000143051147, 0.8700000047683716, 0.9066666960716248, 0.8844444155693054, 0.8877778053283691, 0.8866666555404663, 0.8833333253860474, 0.8766666650772095, 0.8444444537162781, 0.8566666841506958, 0.8722222447395325, 0.8888888955116272]}