{"loss": [2.1670002937316895, 1.894656777381897, 1.5964620113372803, 1.38810396194458, 1.2173596620559692, 1.1088718175888062, 1.0457686185836792, 0.9396732449531555, 0.9552816152572632, 0.8813208341598511, 0.7917110919952393, 0.7349212765693665, 0.6919275522232056, 0.6395375728607178, 0.6268905997276306, 0.6337807178497314, 0.5719093084335327, 0.5426886677742004, 0.5437259674072266, 0.5164650678634644, 0.46078282594680786, 0.44016245007514954, 0.48854783177375793, 0.4496285915374756, 0.4388708472251892, 0.42947396636009216, 0.39608123898506165, 0.3801419734954834, 0.38811829686164856, 0.36141714453697205, 0.33788588643074036, 0.35652536153793335, 0.3360685706138611, 0.37085339426994324, 0.3439585864543915, 0.3377390205860138, 0.3301735818386078, 0.32414817810058594, 0.3239220380783081, 0.31168022751808167, 0.28351423144340515, 0.2686927914619446, 0.2770560681819916, 0.3106960356235504, 0.28091078996658325, 0.2681885361671448, 0.27314677834510803, 0.25104811787605286, 0.25025808811187744, 0.26933395862579346, 0.2583748698234558, 0.22188915312290192, 0.26296016573905945, 0.230708509683609, 0.2277878373861313, 0.25641876459121704, 0.36053669452667236, 0.2462286353111267, 0.23467455804347992, 0.2444041222333908, 0.276812344789505, 0.23371024429798126, 0.20934081077575684, 0.25886741280555725], "accuracy": [0.22867463529109955, 0.3284245729446411, 0.4504028856754303, 0.5295915603637695, 0.6098916530609131, 0.6490691900253296, 0.682411789894104, 0.7207557559013367, 0.7207557559013367, 0.7349263429641724, 0.7721589207649231, 0.784384548664093, 0.7982773184776306, 0.826618492603302, 0.8274520635604858, 0.8296748995780945, 0.8555154204368591, 0.8510697484016418, 0.8574603796005249, 0.8632953763008118, 0.8849680423736572, 0.8921923041343689, 0.8774659633636475, 0.8835787773132324, 0.8896915912628174, 0.8952486515045166, 0.904417872428894, 0.9102528691291809, 0.9066407084465027, 0.9088635444641113, 0.9249791502952576, 0.9158099293708801, 0.9272019863128662, 0.9144206643104553, 0.9230341911315918, 0.9233120083808899, 0.9230341911315918, 0.9316476583480835, 0.9333148002624512, 0.9294248223304749, 0.9424840211868286, 0.9502639770507812, 0.9433175921440125, 0.9369269013404846, 0.9438732862472534, 0.9472075700759888, 0.9419283270835876, 0.9530425071716309, 0.952208936214447, 0.9472075700759888, 0.9469296932220459, 0.958321750164032, 0.9463739991188049, 0.9619338512420654, 0.9605445861816406, 0.9538760781288147, 0.9291470050811768, 0.9535982012748718, 0.957766056060791, 0.95721036195755, 0.9474853873252869, 0.9552653431892395, 0.9641566872596741, 0.9513753652572632], "val_loss": [1.8817909955978394, 1.6330784559249878, 1.3534094095230103, 1.1637126207351685, 1.080208420753479, 1.0270856618881226, 0.9756218194961548, 0.9087043404579163, 0.9779356718063354, 0.7905383706092834, 0.8210917115211487, 0.7627686858177185, 0.7498537302017212, 0.7527164220809937, 0.7687337398529053, 0.6937496662139893, 0.6907422542572021, 0.8777103424072266, 0.6777293086051941, 0.6834898591041565, 0.6774140000343323, 0.7080108523368835, 0.6752128005027771, 0.7401958107948303, 0.650077760219574, 0.6621500253677368, 0.6217243671417236, 0.6896139979362488, 0.6312611699104309, 0.6605479121208191, 0.7580269575119019, 0.7321078777313232, 0.7280468940734863, 0.6690148711204529, 0.7714581489562988, 0.6863887310028076, 0.7233527898788452, 0.7215240001678467, 0.6803117990493774, 0.7879742980003357, 0.6917077898979187, 0.7399560809135437, 0.7001692652702332, 0.7196825742721558, 0.7369362115859985, 0.7847439050674438, 0.8282526731491089, 0.769615113735199, 0.7849134206771851, 0.7635424733161926, 0.6441998481750488, 0.867298424243927, 0.8522039651870728, 0.7716618776321411, 0.7674726843833923, 0.7761566638946533, 0.6971529722213745, 0.8992446660995483, 0.8131592273712158, 0.7365061044692993, 0.8109588623046875, 0.7229234576225281, 0.8183546662330627, 0.8757791519165039], "val_accuracy": [0.3311111032962799, 0.4588888883590698, 0.5566666722297668, 0.6755555272102356, 0.6822222471237183, 0.7066666483879089, 0.7222222089767456, 0.7522222399711609, 0.7166666388511658, 0.7799999713897705, 0.7799999713897705, 0.79666668176651, 0.8155555725097656, 0.8122222423553467, 0.8233333230018616, 0.8355555534362793, 0.8288888931274414, 0.8111110925674438, 0.8422222137451172, 0.8500000238418579, 0.847777783870697, 0.8433333039283752, 0.851111114025116, 0.8388888835906982, 0.852222204208374, 0.8566666841506958, 0.8688889145851135, 0.8344444632530212, 0.8588888645172119, 0.8533333539962769, 0.8366666436195374, 0.8533333539962769, 0.852222204208374, 0.8577777743339539, 0.8422222137451172, 0.8655555844306946, 0.8566666841506958, 0.8677777647972107, 0.8688889145851135, 0.8622221946716309, 0.8733333349227905, 0.8633333444595337, 0.8688889145851135, 0.8588888645172119, 0.8644444346427917, 0.8677777647972107, 0.8622221946716309, 0.8488888740539551, 0.8600000143051147, 0.8677777647972107, 0.8833333253860474, 0.8500000238418579, 0.8500000238418579, 0.8722222447395325, 0.8655555844306946, 0.8600000143051147, 0.8722222447395325, 0.8622221946716309, 0.8755555748939514, 0.8622221946716309, 0.846666693687439, 0.8766666650772095, 0.8633333444595337, 0.8688889145851135]}