{"loss": [2.142620801925659, 1.7480723857879639, 1.4549674987792969, 1.2971560955047607, 1.142827033996582, 1.0296627283096313, 0.9232689738273621, 0.8527334332466125, 0.7993296980857849, 0.7680262327194214, 0.6968333125114441, 0.6531926393508911, 0.6335012316703796, 0.5925736427307129, 0.5666112303733826, 0.5529999732971191, 0.5313001275062561, 0.5309479832649231, 0.489199161529541, 0.48043733835220337, 0.43725723028182983, 0.41252806782722473, 0.43597349524497986, 0.41786810755729675, 0.4389732778072357, 0.39157384634017944, 0.3747618496417999, 0.3547976613044739, 0.36876049637794495, 0.33668848872184753, 0.3613666892051697, 0.33713361620903015, 0.3536229431629181, 0.3295615017414093, 0.30536124110221863, 0.30654361844062805, 0.3204422891139984, 0.3934493660926819, 0.3501354157924652, 0.31165042519569397, 0.26383641362190247, 0.3223746418952942, 0.30166155099868774, 0.31403934955596924, 0.2810279130935669, 0.2558739185333252, 0.2649466097354889, 0.28440746665000916, 0.2658877372741699, 0.2872186601161957, 0.28512632846832275, 0.24771331250667572, 0.28083959221839905, 0.27052420377731323, 0.24207697808742523, 0.24361447989940643, 0.2660650610923767, 0.24007351696491241, 0.2721090316772461, 0.2326226681470871, 0.23805741965770721, 0.23263037204742432, 0.21524080634117126, 0.22279033064842224], "accuracy": [0.2434009462594986, 0.40372326970100403, 0.5204223394393921, 0.575437605381012, 0.6482356190681458, 0.6940816640853882, 0.7332592606544495, 0.7479855418205261, 0.7721589207649231, 0.791053056716919, 0.8127257823944092, 0.8274520635604858, 0.8366212844848633, 0.8471797704696655, 0.856348991394043, 0.8641289472579956, 0.8766323924064636, 0.8757988214492798, 0.8802444934844971, 0.8869130611419678, 0.8991386294364929, 0.9127535223960876, 0.9024729132652283, 0.909974992275238, 0.9035843014717102, 0.9177549481391907, 0.927757740020752, 0.9308140873908997, 0.9219227433204651, 0.9363712072372437, 0.92803555727005, 0.9333148002624512, 0.934704065322876, 0.9360933303833008, 0.9424840211868286, 0.9474853873252869, 0.9405390620231628, 0.9233120083808899, 0.928591251373291, 0.9427618980407715, 0.957766056060791, 0.9435954689979553, 0.9452625513076782, 0.9452625513076782, 0.9535982012748718, 0.9624896049499512, 0.9599888920783997, 0.9560989141464233, 0.9555432200431824, 0.9541539549827576, 0.9513753652572632, 0.9622117280960083, 0.9547096490859985, 0.958321750164032, 0.9655460119247437, 0.9655460119247437, 0.9549875259399414, 0.9658238291740417, 0.9563767910003662, 0.9686024188995361, 0.9669352769851685, 0.9677688479423523, 0.9752709269523621, 0.9652681350708008], "val_loss": [1.7656742334365845, 1.505621314048767, 1.3152611255645752, 1.1251055002212524, 1.0252037048339844, 0.9324535727500916, 0.8744349479675293, 0.9045830368995667, 0.7967784404754639, 0.8408820033073425, 0.7515639662742615, 0.7556322813034058, 0.7572808265686035, 0.7047555446624756, 0.805167019367218, 0.6749996542930603, 0.683532178401947, 0.7053323984146118, 0.6189382672309875, 0.6459667682647705, 0.6255829930305481, 0.723455548286438, 0.6801828145980835, 0.7498484253883362, 0.6593188643455505, 0.6499792337417603, 0.6474603414535522, 0.6606990694999695, 0.5918703079223633, 0.6706399917602539, 0.6379620432853699, 0.7388076186180115, 0.7184761166572571, 0.699993371963501, 0.6694891452789307, 0.5884788632392883, 0.69010990858078, 0.6857724785804749, 0.6494710445404053, 0.7387765049934387, 0.6752349138259888, 0.7608869671821594, 0.6544263362884521, 0.6712484955787659, 0.704961359500885, 0.7354357242584229, 0.7432910203933716, 0.6830304861068726, 0.7059717178344727, 0.769412100315094, 0.6671819686889648, 0.7860239744186401, 0.6930086016654968, 0.6586983799934387, 0.6692065000534058, 0.6539724469184875, 0.7247905731201172, 0.7061324715614319, 0.7028418779373169, 0.7247647047042847, 0.7179142236709595, 0.6566604375839233, 0.7533395886421204, 0.7003123164176941], "val_accuracy": [0.4000000059604645, 0.5233333110809326, 0.5666666626930237, 0.6933333277702332, 0.7133333086967468, 0.7344444394111633, 0.7711111307144165, 0.7755555510520935, 0.8055555820465088, 0.7911111116409302, 0.8088889122009277, 0.8288888931274414, 0.8266666531562805, 0.8311111330986023, 0.79666668176651, 0.8399999737739563, 0.8422222137451172, 0.8588888645172119, 0.8700000047683716, 0.855555534362793, 0.8700000047683716, 0.851111114025116, 0.8577777743339539, 0.847777783870697, 0.8533333539962769, 0.8744444251060486, 0.8722222447395325, 0.8788889050483704, 0.8777777552604675, 0.8733333349227905, 0.8722222447395325, 0.8544444441795349, 0.8611111044883728, 0.8711110949516296, 0.8766666650772095, 0.8777777552604675, 0.8744444251060486, 0.855555534362793, 0.8744444251060486, 0.8799999952316284, 0.8788889050483704, 0.8811110854148865, 0.8822222352027893, 0.8777777552604675, 0.8777777552604675, 0.8877778053283691, 0.8744444251060486, 0.8899999856948853, 0.8688889145851135, 0.8700000047683716, 0.8777777552604675, 0.8811110854148865, 0.8877778053283691, 0.8911111354827881, 0.894444465637207, 0.897777795791626, 0.8788889050483704, 0.8922222256660461, 0.8899999856948853, 0.8899999856948853, 0.8811110854148865, 0.8911111354827881, 0.8711110949516296, 0.8855555653572083]}