{"loss": [2.1667630672454834, 1.7236758470535278, 1.5027436017990112, 1.3278943300247192, 1.1840827465057373, 1.0950710773468018, 1.0041589736938477, 0.9236838221549988, 0.8894488215446472, 0.8169870376586914, 0.747269868850708, 0.6994553208351135, 0.6819643974304199, 0.7009195685386658, 0.6112213730812073, 0.5940274596214294, 0.5712891221046448, 0.5087590217590332, 0.5597017407417297, 0.54264897108078, 0.5060503482818604, 0.46310657262802124, 0.47368571162223816, 0.4637279212474823, 0.5047217607498169, 0.4410920739173889, 0.42690184712409973, 0.4432424306869507, 0.4116039276123047, 0.40761664509773254, 0.4109228551387787, 0.3808310329914093, 0.3689010739326477, 0.3690634071826935, 0.3614718019962311, 0.36604568362236023, 0.3678131401538849, 0.34404492378234863, 0.37406131625175476, 0.3834334909915924, 0.33824142813682556, 0.32976359128952026, 0.31551191210746765, 0.3237098455429077, 0.3270324170589447, 0.31713566184043884, 0.31630587577819824, 0.3234364986419678, 0.3077298402786255, 0.302857905626297, 0.3032355010509491, 0.32160142064094543, 0.34534117579460144, 0.29186832904815674, 0.32394683361053467, 0.31278422474861145, 0.2706068456172943, 0.2977425754070282, 0.2835947275161743, 0.2735709547996521, 0.2887803614139557, 0.26103588938713074, 0.26448073983192444, 0.2594791352748871], "accuracy": [0.24534593522548676, 0.427896648645401, 0.509030282497406, 0.5982217192649841, 0.6393442749977112, 0.6743540167808533, 0.7179772257804871, 0.7435398697853088, 0.7579883337020874, 0.7807724475860596, 0.808002233505249, 0.8216171264648438, 0.8302305936813354, 0.8180050253868103, 0.850236177444458, 0.8585718274116516, 0.8666296005249023, 0.8869130611419678, 0.8724645972251892, 0.8741316795349121, 0.8846901655197144, 0.9010836482048035, 0.9010836482048035, 0.8994165062904358, 0.8891358971595764, 0.9060850143432617, 0.9102528691291809, 0.9030286073684692, 0.9202556014060974, 0.9194220900535583, 0.922478437423706, 0.928591251373291, 0.9310919642448425, 0.9297026991844177, 0.9338704943656921, 0.9299805760383606, 0.9330369830131531, 0.9394276142120361, 0.9333148002624512, 0.9283134341239929, 0.94026118516922, 0.9413726329803467, 0.9449847340583801, 0.9499861001968384, 0.9419283270835876, 0.9519311189651489, 0.9519311189651489, 0.9452625513076782, 0.9483189582824707, 0.9494304060935974, 0.9519311189651489, 0.9472075700759888, 0.9405390620231628, 0.9544317722320557, 0.9472075700759888, 0.9508196711540222, 0.9608224630355835, 0.9563767910003662, 0.9602667689323425, 0.9585996270179749, 0.9591553211212158, 0.9680466651916504, 0.9658238291740417, 0.9636009931564331], "val_loss": [1.7680937051773071, 1.51600182056427, 1.3452068567276, 1.227556824684143, 1.1762397289276123, 1.0896879434585571, 1.0508222579956055, 1.142379879951477, 1.028581976890564, 0.9185168743133545, 0.8773746490478516, 0.9019351005554199, 0.9854898452758789, 0.8610281944274902, 1.0190386772155762, 0.9112700819969177, 0.8279997706413269, 0.8386616110801697, 0.8075320720672607, 0.8089900016784668, 0.822749137878418, 0.8476123809814453, 0.8421964645385742, 0.8351050615310669, 0.8165908455848694, 0.7740052342414856, 0.8806284070014954, 0.7606714367866516, 0.7912418842315674, 0.7527320981025696, 0.8362140655517578, 0.8433570861816406, 0.8485644459724426, 0.7534380555152893, 0.8852390050888062, 0.83612060546875, 0.9081392288208008, 0.7984987497329712, 0.873160183429718, 0.8794888257980347, 0.8742220997810364, 0.842785656452179, 0.8801363110542297, 0.8826438188552856, 0.9108222723007202, 0.8380346894264221, 0.9475216269493103, 0.8982377052307129, 0.8739113807678223, 0.9544747471809387, 0.9112192988395691, 0.8831377029418945, 0.8987221121788025, 0.9653598070144653, 1.0835139751434326, 0.9065403938293457, 0.8717733025550842, 0.9788777232170105, 0.9669262766838074, 0.916614294052124, 0.8981284499168396, 0.8920479416847229, 1.0108634233474731, 1.1521246433258057], "val_accuracy": [0.42444443702697754, 0.5555555820465088, 0.605555534362793, 0.6633333563804626, 0.6633333563804626, 0.699999988079071, 0.7055555582046509, 0.7066666483879089, 0.7444444298744202, 0.7588889002799988, 0.7699999809265137, 0.7888888716697693, 0.7777777910232544, 0.7866666913032532, 0.753333330154419, 0.800000011920929, 0.8122222423553467, 0.8111110925674438, 0.8122222423553467, 0.8255555629730225, 0.8222222328186035, 0.8288888931274414, 0.8188889026641846, 0.8077777624130249, 0.8333333134651184, 0.8411111235618591, 0.8355555534362793, 0.8311111330986023, 0.8399999737739563, 0.8411111235618591, 0.8377777934074402, 0.8500000238418579, 0.8433333039283752, 0.8422222137451172, 0.8444444537162781, 0.851111114025116, 0.8388888835906982, 0.8600000143051147, 0.8655555844306946, 0.8544444441795349, 0.8399999737739563, 0.8611111044883728, 0.8588888645172119, 0.8411111235618591, 0.8611111044883728, 0.8588888645172119, 0.8355555534362793, 0.846666693687439, 0.8422222137451172, 0.8422222137451172, 0.8433333039283752, 0.8433333039283752, 0.847777783870697, 0.8600000143051147, 0.8422222137451172, 0.847777783870697, 0.855555534362793, 0.855555534362793, 0.8455555438995361, 0.852222204208374, 0.847777783870697, 0.8533333539962769, 0.8533333539962769, 0.8388888835906982]}