{"loss": [2.1856002807617188, 1.823941946029663, 1.6417807340621948, 1.4565820693969727, 1.330649733543396, 1.255263090133667, 1.170849084854126, 1.083443284034729, 1.0364148616790771, 0.9670819640159607, 0.922293484210968, 0.8525444269180298, 0.818591833114624, 0.7876933813095093, 0.7665945291519165, 0.7131692171096802, 0.7186364531517029, 0.67179936170578, 0.677387535572052, 0.6362606287002563, 0.6081016063690186, 0.5896007418632507, 0.5790230631828308, 0.5933949947357178, 0.5516988039016724, 0.5375857949256897, 0.5214928388595581, 0.5198010802268982, 0.5395393967628479, 0.4720078706741333, 0.46797314286231995, 0.4885920286178589, 0.46354830265045166, 0.4387059211730957, 0.45279660820961, 0.45563557744026184, 0.47299185395240784, 0.4495285451412201, 0.46208104491233826, 0.4436667263507843, 0.4274704158306122, 0.3947743773460388, 0.40980812907218933, 0.3700133264064789, 0.37849074602127075, 0.3622693717479706, 0.3999340236186981, 0.4124792814254761, 0.37863028049468994, 0.38246044516563416, 0.34415706992149353, 0.3703286945819855, 0.3509121835231781, 0.3503625690937042, 0.31860873103141785, 0.3388988673686981, 0.34173837304115295, 0.37243539094924927, 0.34703874588012695, 0.33862829208374023, 0.33420106768608093, 0.35293298959732056, 0.3362066149711609, 0.3355012834072113], "accuracy": [0.25812727212905884, 0.40761321783065796, 0.4767991006374359, 0.5298694372177124, 0.5832175612449646, 0.6235065460205078, 0.6565712690353394, 0.6849125027656555, 0.7118644118309021, 0.7321478128433228, 0.7449291348457336, 0.7618783116340637, 0.7760488986968994, 0.7907752394676208, 0.7929980754852295, 0.8163378834724426, 0.8143928647041321, 0.8332870006561279, 0.8310641646385193, 0.83773273229599, 0.8513476252555847, 0.8582939505577087, 0.8605167865753174, 0.861906111240387, 0.8671853542327881, 0.8755210041999817, 0.8796887993812561, 0.8852459192276001, 0.8785774111747742, 0.8983050584793091, 0.8955265283584595, 0.891914427280426, 0.9021950364112854, 0.9052514433860779, 0.9066407084465027, 0.909974992275238, 0.8927479982376099, 0.9127535223960876, 0.9013614654541016, 0.9088635444641113, 0.9202556014060974, 0.9291470050811768, 0.9244234561920166, 0.9358155131340027, 0.9355376362800598, 0.9377604722976685, 0.9199777841567993, 0.921644926071167, 0.9338704943656921, 0.9352598190307617, 0.9410947561264038, 0.9324812293052673, 0.94026118516922, 0.9408168792724609, 0.9477632641792297, 0.9380383491516113, 0.9466518759727478, 0.9374826550483704, 0.9483189582824707, 0.9427618980407715, 0.945818305015564, 0.9344262480735779, 0.9449847340583801, 0.9510975480079651], "val_loss": [1.8305388689041138, 1.6434416770935059, 1.4383909702301025, 1.3336745500564575, 1.267230749130249, 1.200463056564331, 1.0977767705917358, 1.2323458194732666, 1.0528247356414795, 1.0442813634872437, 1.0202374458312988, 0.983648419380188, 1.0565297603607178, 0.9938165545463562, 0.9084676504135132, 0.8881539702415466, 0.9938303828239441, 0.9438514113426208, 0.9574346542358398, 0.9140353798866272, 0.9335529208183289, 0.9618090987205505, 0.9885621070861816, 0.9129458069801331, 0.8951293230056763, 0.9626109004020691, 0.9549165368080139, 0.941250741481781, 0.8985487222671509, 1.0310795307159424, 1.029295563697815, 1.0200386047363281, 0.9693921804428101, 0.9669321179389954, 0.944464921951294, 0.9746788144111633, 1.132021427154541, 1.0376465320587158, 1.0371147394180298, 0.941290557384491, 1.0313584804534912, 1.021966576576233, 0.9863414168357849, 1.0770044326782227, 1.1169849634170532, 1.0164048671722412, 1.0087085962295532, 1.1072630882263184, 1.040156602859497, 1.0333858728408813, 1.1430972814559937, 1.0128252506256104, 1.2956668138504028, 0.9882262945175171, 1.111438274383545, 1.1221567392349243, 1.1138861179351807, 1.1059921979904175, 1.0701366662979126, 1.0615596771240234, 1.1060540676116943, 1.0381661653518677, 1.0302989482879639, 1.124557614326477], "val_accuracy": [0.4000000059604645, 0.4577777683734894, 0.5277777910232544, 0.5944444537162781, 0.6088888645172119, 0.644444465637207, 0.6922222375869751, 0.6633333563804626, 0.7111111283302307, 0.7022222280502319, 0.7177777886390686, 0.7488889098167419, 0.7477777600288391, 0.7488889098167419, 0.7788888812065125, 0.7788888812065125, 0.7477777600288391, 0.79666668176651, 0.7811111211776733, 0.7911111116409302, 0.7877777814865112, 0.7977777719497681, 0.7955555319786072, 0.7855555415153503, 0.8166666626930237, 0.7944444417953491, 0.8055555820465088, 0.8088889122009277, 0.8022222518920898, 0.8022222518920898, 0.7955555319786072, 0.8100000023841858, 0.8188889026641846, 0.8166666626930237, 0.8188889026641846, 0.8177777528762817, 0.7833333611488342, 0.8122222423553467, 0.8111110925674438, 0.8133333325386047, 0.8211110830307007, 0.800000011920929, 0.8199999928474426, 0.8211110830307007, 0.8266666531562805, 0.8211110830307007, 0.8144444227218628, 0.8055555820465088, 0.8199999928474426, 0.8244444727897644, 0.8100000023841858, 0.8177777528762817, 0.8133333325386047, 0.8288888931274414, 0.8199999928474426, 0.8177777528762817, 0.8288888931274414, 0.8411111235618591, 0.8233333230018616, 0.8266666531562805, 0.8377777934074402, 0.8222222328186035, 0.8344444632530212, 0.8188889026641846]}