{"loss": [2.4555439949035645, 2.1280341148376465, 2.0102574825286865, 1.9479351043701172, 1.9485808610916138, 1.9502865076065063, 1.8843435049057007, 1.8682541847229004, 1.8387012481689453, 1.8891525268554688, 1.8752481937408447, 1.8759750127792358, 1.81464684009552, 1.894454002380371, 1.8103504180908203, 1.7635459899902344, 1.8064978122711182, 1.7871249914169312, 1.7618887424468994, 1.8391207456588745, 1.8322268724441528, 1.7884098291397095, 1.821048378944397, 1.848487138748169, 1.8220850229263306, 1.8328174352645874, 1.8158067464828491, 1.8805673122406006, 1.7847703695297241, 1.8191862106323242, 1.7797297239303589, 1.7383252382278442, 1.7892171144485474, 1.8021478652954102, 1.7473610639572144, 1.8226795196533203, 1.7801274061203003, 1.8003193140029907, 1.776840090751648, 1.746835470199585, 1.740409255027771, 1.7909284830093384, 1.7407184839248657, 1.7101646661758423, 1.7833534479141235, 1.7566473484039307, 1.7512989044189453, 1.7334320545196533, 1.7069615125656128, 1.71479070186615, 1.7032145261764526, 1.696675419807434, 1.6849066019058228, 1.7251381874084473, 1.7441786527633667, 1.7180464267730713, 1.7149066925048828, 1.793874740600586, 1.8365329504013062, 1.756288766860962, 1.7865890264511108, 1.7760982513427734, 1.7607897520065308, 1.710409164428711], "accuracy": [0.16449013352394104, 0.257293701171875, 0.33759376406669617, 0.3676021099090576, 0.38566267490386963, 0.3945540487766266, 0.4012225568294525, 0.41317033767700195, 0.425118088722229, 0.4248402416706085, 0.42595165967941284, 0.42317309975624084, 0.44262295961380005, 0.4237288236618042, 0.4584606885910034, 0.45679354667663574, 0.4562378525733948, 0.4576271176338196, 0.4670741856098175, 0.46373993158340454, 0.46485134959220886, 0.47652125358581543, 0.46373993158340454, 0.4573492705821991, 0.4687413275241852, 0.472909152507782, 0.47179773449897766, 0.45540428161621094, 0.46901917457580566, 0.48346763849258423, 0.472909152507782, 0.48735758662223816, 0.4781883955001831, 0.47235342860221863, 0.4981939494609833, 0.4893025755882263, 0.49569323658943176, 0.47457626461982727, 0.4906918704509735, 0.4851347506046295, 0.48207834362983704, 0.49597111344337463, 0.4926368296146393, 0.49736037850379944, 0.4865240454673767, 0.5045846104621887, 0.5137538313865662, 0.49986106157302856, 0.5054181814193726, 0.5023617744445801, 0.5204223394393921, 0.5159766674041748, 0.5184773802757263, 0.5070853233337402, 0.4968046545982361, 0.5162545442581177, 0.5123645663261414, 0.4948596954345703, 0.49430397152900696, 0.5170880556106567, 0.4968046545982361, 0.51458740234375, 0.5112531185150146, 0.5179216265678406], "val_loss": [2.198747396469116, 1.9930254220962524, 2.0372509956359863, 1.8208258152008057, 1.9564337730407715, 1.853773593902588, 1.7745732069015503, 1.879902720451355, 1.7605193853378296, 1.860792636871338, 1.8317952156066895, 1.7560875415802002, 1.797766089439392, 1.845693588256836, 1.748207449913025, 1.7871155738830566, 1.7925139665603638, 1.7978203296661377, 1.8242154121398926, 1.8438127040863037, 1.7927848100662231, 1.8527336120605469, 1.7829192876815796, 1.8035218715667725, 1.8352973461151123, 1.848785161972046, 1.8780136108398438, 1.8423030376434326, 1.842370867729187, 1.8410742282867432, 1.7861956357955933, 1.7822867631912231, 1.8271316289901733, 1.804970145225525, 1.7733993530273438, 1.817588448524475, 1.8482190370559692, 1.7893582582473755, 1.7904869318008423, 1.7722653150558472, 1.765772819519043, 1.7920098304748535, 1.7416086196899414, 1.7417409420013428, 1.7463620901107788, 1.7375941276550293, 1.7565861940383911, 1.740778923034668, 1.7299302816390991, 1.7706042528152466, 1.7102047204971313, 1.7484219074249268, 1.848266363143921, 1.7491801977157593, 1.8189582824707031, 1.683712124824524, 1.8492283821105957, 1.8678910732269287, 1.882403016090393, 1.7698997259140015, 1.8477123975753784, 1.8542730808258057, 1.773029088973999, 1.808794617652893], "val_accuracy": [0.2588889002799988, 0.36888888478279114, 0.34555554389953613, 0.4000000059604645, 0.3777777850627899, 0.42888888716697693, 0.4633333384990692, 0.40888887643814087, 0.47777777910232544, 0.4699999988079071, 0.4533333480358124, 0.47555556893348694, 0.4611110985279083, 0.46444445848464966, 0.46222221851348877, 0.47333332896232605, 0.4555555582046509, 0.4788888990879059, 0.47111111879348755, 0.4911110997200012, 0.4722222089767456, 0.4466666579246521, 0.47333332896232605, 0.4888888895511627, 0.46888887882232666, 0.46666666865348816, 0.4722222089767456, 0.4811111092567444, 0.4911110997200012, 0.4699999988079071, 0.5, 0.5155555605888367, 0.4833333194255829, 0.4955555498600006, 0.49222221970558167, 0.4866666793823242, 0.49666666984558105, 0.4977777898311615, 0.5066666603088379, 0.47999998927116394, 0.49222221970558167, 0.5133333206176758, 0.5122222304344177, 0.5144444704055786, 0.4911110997200012, 0.5177778005599976, 0.4855555593967438, 0.4888888895511627, 0.4933333396911621, 0.5066666603088379, 0.5377777814865112, 0.47999998927116394, 0.47111111879348755, 0.5066666603088379, 0.49888888001441956, 0.5444444417953491, 0.4677777886390686, 0.4788888990879059, 0.4788888990879059, 0.5366666913032532, 0.49444442987442017, 0.5133333206176758, 0.5199999809265137, 0.49444442987442017]}